first_name,last_name,address,date_of_birth
Ashlee,Fisher,"006 William Manor Apt. 569, West Robertburgh, VT 11287",2012-06-08
Jeffrey,Flores,"6201 Cruz Bypass, Rachaelport, OK 54982",2008-08-27
Russell,Marsh,"95631 Jones Walks, Paceside, NM 71474",1921-10-02
Shane,Moore,"58095 Bowen Field Apt. 892, East Hayleyshire, DE 87369",2011-07-21
Harold,Wade,"19247 Mendez Neck Suite 752, Valenciaborough, IA 91056",1931-07-08
Kathy,Powers,"46365 Eric Passage, East Michaelafurt, FL 01963",1950-08-27
Cassandra,Neal,"21275 David Plaza, Rodgerschester, TX 63309",1947-06-06
Jennifer,Neal,"36751 Gaines Manors Apt. 748, Butlerbury, SC 01017",1921-07-18
Karen,Santos,"32640 Edwards Station, Port Bianca, IN 51578",1970-01-25
John,Sanchez,"229 Keller Lane, Danielberg, FL 07496",1955-02-01
Emily,Mckinney,"358 Howard Walks, West Brentview, VI 25936",1994-10-21
Gabriel,Bush,"751 Nguyen Haven Suite 197, New Anne, AK 67408",2013-11-11
Cory,Brown,"22446 Cheyenne Tunnel Apt. 787, North Williamberg, AR 48210",1914-08-11
Timothy,Hunter,"30756 Christopher Loop, Shellyburgh, TN 35908",1948-03-12
Sonya,Reid,"8172 Cooper Ridge, Jacquelinemouth, NE 06217",1996-04-13
Rebecca,Stevenson,"65484 Gibson Road Apt. 074, New Rhonda, NY 77912",1946-03-10
Andrew,Perez,"42568 Chad Brooks, Lake Karaton, OR 05685",1970-01-14
Leah,Simmons,"37855 Ortiz Expressway Suite 592, North Stevenfort, IN 91033",2011-08-21
Melissa,Cox,"3290 Diane Dam, South Richardhaven, GA 17243",1963-02-12
Denise,Potts,"365 Duarte Villages, West Susanberg, PA 24910",1982-12-14
Ivan,Harrington,"13162 Copeland Square Suite 153, Heberttown, NM 72612",1975-10-29
Albert,Brown,"USNV Lewis, FPO AE 85584",2016-07-19
Shawn,Davis,"4796 Mason Pines Suite 339, Huffburgh, LA 44666",1952-02-06
Ryan,Morrow,"6260 Kelly Hollow, Farrellshire, DE 75335",1984-04-11
Lauren,Perry,"9367 Jones Locks Apt. 374, Michelleberg, RI 58671",1926-01-15
Kevin,Salazar,"46055 Elizabeth Bridge, Marcborough, VA 97425",1937-04-28
Jerry,Parker,"10281 Hess Dale Suite 723, Port Patrickton, MP 84826",1940-04-11
Edward,Richardson,"53178 Cruz Parks, Port Kevinborough, WA 91183",1986-12-07
Kristin,Guzman,"PSC 4008, Box 8300, APO AE 43704",2008-05-13
Matthew,Jackson,"927 King Plain, Brandonview, KY 80317",1950-06-08
Jessica,Oliver,"407 Taylor Forks Apt. 239, North Carriestad, DE 19786",1928-05-12
Steven,Walls,"43412 Carter Harbors, Port Kaylabury, NY 44772",1996-02-07
Christopher,Harris,"273 Wells Port, West Maria, AZ 92685",2006-11-12
Joseph,Garcia,"4546 Mendez Underpass Suite 366, North Katie, WI 85876",1958-02-18
James,Crawford,"632 Elizabeth Spurs, Walterbury, NJ 82019",1919-06-25
Jason,Wong,"23361 Miller Stravenue, Lake Craig, WI 82950",1934-05-03
David,Benson,"483 Wayne Overpass, Port Laurastad, PR 76969",1991-05-13
Troy,Carroll,"34038 Deborah Locks, Kerrburgh, CT 73345",2019-05-28
Chelsey,Williams,"616 Robinson Locks Apt. 154, South Rachel, MA 50509",1972-12-17
Beth,Hampton,"1096 Samuel Route Suite 719, West Darrenview, WI 09504",1980-10-08
Debbie,Goodwin,"314 Jackson Loop Apt. 094, Jennifermouth, IA 90676",1999-05-08
Robert,Walsh,"17509 Russell Parks Suite 431, Angelaside, WY 48301",2012-09-29
Monica,Zimmerman,"515 Mccullough Plains Apt. 475, East Lisaside, AK 48168",2017-03-16
Kristin,Church,"27576 Hall Junctions, Derekchester, IL 61322",1910-06-04
David,Beasley,"29523 Bentley Fort Suite 860, Mcguireland, VI 39805",2018-12-07
Michael,Weber,"38317 Carr Canyon, New Joshuahaven, AL 85416",1910-05-20
Matthew,Jones,"753 Justin Springs Suite 440, East Ronald, IL 12379",2020-05-22
Tracy,Morse,"Unit 4764 Box 8954, DPO AP 13900",1931-12-01
Alexandria,Guerra,"PSC 7530, Box 8879, APO AP 74675",1948-12-12
David,Cherry,"67279 Paul Club, Port Chadtown, VI 76786",2010-12-03
Lynn,Smith,"96283 Moyer Turnpike Suite 579, Port Shawn, IL 24191",1950-07-21
Michele,Greene,"87757 Logan Mountain Suite 515, Port Michael, IN 53890",1971-02-08
Mark,Baker,"395 Roberts Expressway, Bishopland, AK 03157",2022-07-06
Veronica,Simon,"13151 Gardner Island Suite 778, Stephenside, CA 85796",1926-02-01
Kristin,Vargas,"089 Miles Avenue Apt. 179, Angelberg, IA 20181",1916-05-29
Gregory,Cohen,"7796 Goodwin Avenue, Clarkbury, GA 50381",1914-01-21
Jared,Robles,"20994 Cooper Harbors, Colemanstad, AL 39478",1936-07-02
Stephen,Taylor,"53391 Harris Shoal Apt. 757, Kimberlyland, GA 87479",1912-05-27
Patrick,Dickson,"24119 Parks Highway Suite 185, Port Davidhaven, SC 70782",1958-08-28
Steven,Anderson,"662 Claudia Cove Apt. 978, Kristophermouth, RI 71712",1909-11-02
Kevin,Kirby,"8139 Kelsey Island, Port Ruthside, PW 98310",1941-08-27
Robert,Elliott,"214 Simmons Viaduct Suite 266, Munozbury, ND 49107",1941-02-06
Stephen,Blake,"4189 Joshua Mews, Hessborough, FL 82743",2022-03-27
Patrick,Gonzalez,"29575 Michael Walk, Lake Dianaberg, KS 38000",1942-04-10
John,Kirby,"0911 Barron Ford, Avilaland, PA 78363",1946-07-19
Marcus,Sheppard,"6784 Shaw Road Suite 363, South Margarethaven, MN 99234",1998-11-09
William,Jones,"230 Dennis Way Apt. 432, North Rachel, TX 49199",2022-10-17
Matthew,Castro,"322 Stevenson Courts, Waynefort, ND 10323",1996-12-19
Frank,Christian,"68032 Alexis Dale, Harrisport, WV 15298",1998-05-22
David,Tran,"6085 Brian Viaduct Apt. 562, New Aliciaburgh, FL 64504",1998-04-05
Blake,Newman,"644 Downs Cliff Suite 676, Port Maryburgh, ME 04810",1939-09-17
Gregory,King,"53986 Jessica Forge Apt. 352, Josephton, ND 52323",1939-07-10
Dave,Richmond,"9382 Strickland Crest Apt. 381, Lake Jenniferside, CA 72732",1940-04-11
William,Myers,"1053 Kelly Vista, Millerfort, AL 43642",1923-04-01
Joshua,Lyons,"2650 Veronica Drive, Port Belindashire, VI 93683",2013-02-01
Kathryn,Rivera,"038 April Garden, Richardstad, NC 01932",1961-07-18
Danielle,Holmes,"864 Yang Lights, Williamsville, MA 71316",1983-11-04
Laurie,Thomas,"340 Brian Street, West Kevin, WA 65007",2004-12-05
Nicole,White,"154 Amy Heights Suite 988, New Heatherborough, PA 83472",2019-12-18
Ralph,Pena,"3307 Huynh Groves Apt. 153, Richardfort, NH 35286",2001-10-14
Courtney,Martin,"517 Elijah Junction Suite 056, East Jamie, HI 52898",2017-06-27
Michelle,Wise,"7701 Sarah Haven, Lake Anthonymouth, NE 57882",1936-11-05
Mikayla,Wright,"73774 Cook Viaduct, Christinaport, IN 13018",1960-09-29
Mark,Cruz,"8064 Hancock Causeway, Allenville, WI 18088",1967-05-07
Travis,Davis,"179 Jennifer Track Apt. 021, West Michelleview, NC 03947",1985-03-24
Hayley,Foley,"16846 Rebecca Terrace Apt. 944, Johnland, KS 60094",1970-01-11
Christina,Hernandez,"123 Singh Coves, New Annetteville, OR 13996",1947-03-05
Angela,Henson,"0867 Hardin Way Apt. 600, Reevesmouth, NJ 17205",2023-01-03
Sherry,Owens,"8741 Anderson Station, North Lisa, PR 96326",1955-12-10
Sarah,Hill,"724 Christina Port, Jenkinstown, WI 65004",1990-05-08
Benjamin,Simpson,"00188 Tracy Plain Suite 598, Richardsberg, GU 37352",1943-05-30
Fernando,Hurley,"37314 Paul Highway, Port Michael, CO 76396",1951-11-01
Robin,Garcia,"4633 Alexis Curve, North Justin, MI 95809",1917-11-21
Karen,Martin,"897 Emily Ranch, West Nicholas, MO 63205",1968-08-17
Brandon,Hayes,"515 Deanna Fort Suite 399, Port Robert, NJ 73283",2020-01-02
Frank,Perez,"11253 Jacob Ranch Suite 255, Susanshire, MO 50674",1960-03-13
Johnathan,Davis,"506 Ramirez Corners Suite 570, South Briantown, AK 13188",2022-05-27
Roberta,Alexander,"USNS Hahn, FPO AP 76131",1950-07-14
Andrew,Reynolds,"35245 Dominique Port Suite 055, Bethland, WA 38331",1942-08-12
Mary,Medina,"9290 Morris Circles Apt. 159, Jesusside, TN 63571",1940-07-27
Megan,Luna,"883 Alexander Village Suite 968, Rodriguezville, KY 20503",2023-01-27
Jessica,Carter,"USS White, FPO AE 97337",1972-11-30
Kaitlin,Thomas,"12344 Rice Mews Apt. 051, Maryborough, HI 41458",1958-01-13
Jeff,Nelson,"6812 Jill Fall, Port Sergio, ID 56698",1981-05-04
Paul,White,"779 Mary Mission Suite 883, Chenbury, KY 50793",1985-08-01
Kimberly,Mcbride,"282 James Islands Apt. 278, New Jeffery, LA 82412",1961-01-26
Norma,Crawford,"8502 Clark Parkways, East Jeffreyland, HI 55493",1919-03-17
Deborah,Powell,"7081 Stanley Way Suite 483, Campbellville, NC 73353",1955-03-25
William,Nelson,"12774 Taylor Lock Suite 861, Port Jessica, MN 20134",1948-03-16
Faith,Hanson,"Unit 2494 Box 2203, DPO AP 68551",2004-07-14
Jonathan,Salazar,"339 Rios Junction Apt. 166, Stewartview, MS 31564",1909-09-16
Lori,Guerra,"202 Austin Motorway Apt. 029, East Donna, FM 89072",1960-11-18
Sarah,Welch,"387 Christina Point, South Ryanchester, NM 80265",2023-04-12
Patricia,Hall,"97174 Jennifer Causeway Suite 795, East Bradleyborough, CT 27104",1925-11-03
Scott,Case,"0359 King Passage Apt. 538, East Sharonfort, WV 45625",1993-06-06
Michael,Adams,"865 Huffman Meadows, East Williamport, CO 43192",1988-03-04
Andrea,Howe,"1135 Robinson Lodge Apt. 601, East Jamieside, SC 94423",1910-06-24
Bryan,Riley,"PSC 5337, Box 9134, APO AP 90255",1964-09-08
Jennifer,Fox,"05493 Megan Points Apt. 314, Kristinville, UT 02892",1911-01-18
Jessica,Williams,"758 Diaz River Suite 743, Scottton, IA 30899",1939-07-30
Dean,Tapia,"80538 Sanders Hollow, East Kennethbury, OK 56843",1997-07-29
James,Jackson,"920 Christopher Gardens Apt. 913, Jessicaberg, AK 62827",2007-03-03
Hector,Shelton,"8008 Lee Stravenue, Dianabury, NH 67856",1911-04-28
Jaime,Nichols,"3919 Ruth Prairie Apt. 542, West Aarontown, HI 60344",1996-01-12
Cody,Stokes,"2589 Brown Streets Apt. 992, East Robertchester, CO 82216",1942-05-30
James,Conley,"86944 Logan Brooks, North Peter, IN 75379",2010-11-04
Douglas,Cummings,"235 Danielle Lock Suite 355, Nathanmouth, IA 60832",1974-08-24
Richard,Garcia,"497 Erica Well Suite 853, Humphreyborough, TX 19423",1920-03-14
Lisa,Sanders,"3893 Dawn Forks Apt. 698, Sarahbury, IN 55257",1931-08-18
Sarah,Sullivan,"667 Nicholas Junctions Suite 818, Port Dustin, NC 43172",1990-02-06
Amber,Russell,"03655 Adkins Passage Suite 974, Port Dominique, ND 81715",1997-03-24
Duane,Hansen,"639 Crawford Ranch Apt. 379, West Annette, CA 14954",1988-10-19
Douglas,Terry,"5481 Sharp Isle, Patriciaton, MN 50557",2001-01-01
Rickey,Daniels,"89010 Taylor Village Suite 221, Valenciaview, VT 47662",1934-07-31
Mary,Carter,"6468 Victoria Glens Suite 437, Markborough, MP 13482",1927-08-22
Michele,Parker,"28721 Stevens Key Apt. 089, West Sarahborough, SC 35206",1999-10-21
Chad,Sanders,"349 Brandon Landing, Port Shaunborough, MD 11306",1962-10-11
Gabriel,Meyer,"6271 Stephanie Loaf Apt. 298, Hannahton, MN 94652",1925-05-31
Christina,Levy,"696 David Overpass Apt. 369, North Andrew, OK 79662",1996-03-14
Andrea,Wilson,"40158 Nicholas Pines, Klinestad, TN 66284",1934-06-28
Shawn,Stafford,"465 Brown Brooks Suite 237, Williamsview, NV 43856",2010-04-08
Denise,Wilcox,"2490 Morales Garden Suite 739, West Catherinemouth, MS 75991",1999-05-16
Amy,Doyle,"PSC 8873, Box 1698, APO AE 58526",1937-07-03
Jeffrey,Gould,"9310 Christopher Ville Apt. 053, Douglasshire, WY 03626",1948-03-23
Amanda,Lopez,"438 Anderson Trafficway Apt. 227, Hortonport, GU 13821",1979-09-02
Gary,Petersen,"259 Simon Shoal Apt. 286, South Jennifermouth, WY 86246",1983-01-13
Amy,Lopez,"8707 Dennis Shoals, South Benjaminshire, CA 39819",2015-01-16
Jennifer,Boyd,"9426 Nelson Run, New Stephaniestad, NE 21704",1921-03-26
Richard,Herman,"USNV Terry, FPO AP 55574",2017-08-21
Sarah,Johnson,"Unit 4744 Box 9666, DPO AP 41119",1915-10-17
Nicole,Allen,"PSC 3960, Box 6101, APO AP 37826",1925-03-21
Joshua,Ballard,"234 Thomas Fork Apt. 091, Saraberg, ND 24047",2021-02-27
Richard,Mason,"7408 Kelly Mill Apt. 545, North Jessica, MP 43826",1958-06-18
Kyle,Wilson,"995 Christina Crossroad Apt. 921, Ballstad, MT 45942",1967-06-26
James,Walker,"5110 Williams Knolls, Williamfort, NV 83543",1957-09-24
Scott,Washington,"Unit 4348 Box 0566, DPO AP 32016",2002-09-01
James,Fox,"2534 Blackburn Meadow Apt. 702, Virginiaberg, CA 23497",1918-08-10
Crystal,Hubbard,"0856 Scott Forges Suite 959, New David, VI 04109",1946-03-16
Lawrence,Gray,"560 Cory Orchard Suite 778, Camposstad, SD 90735",2015-03-16
Brandon,Diaz,"3453 Christopher Forge, Alyssaville, NE 05128",1922-08-24
Holly,Miller,"223 Lance Loaf Apt. 736, Donnaland, AL 28479",1909-10-15
Richard,Dixon,"09620 Glenn Station, New Heather, MO 29939",1984-03-12
Susan,Williams,"47249 Carlson Estate, Travisside, NH 56137",1956-12-23
Corey,Jones,"13437 Jay Vista Apt. 083, Lake Crystalmouth, AR 95769",2001-09-14
Luis,Hunt,"0706 Gibson Estate Suite 980, Larsenview, OR 99322",1911-02-13
Charles,Smith,"719 Blake Mountain Apt. 536, Jacksonview, KY 83660",1973-07-04
Marissa,Lopez,"Unit 3166 Box 1048, DPO AA 20607",2010-12-23
Angela,Rowe,"32690 Ashley Turnpike, Robertstown, VI 12696",1921-01-10
Michael,Smith,"247 Alison Flats, East Sandra, IN 93625",1984-07-29
Cynthia,Davis,"9168 Mendez Track, Andrewland, DE 41434",2008-04-16
Martin,Wallace,"183 Curtis Wells Apt. 170, Barbarachester, ID 42274",1922-05-05
Sherri,Young,"262 Maldonado River, Davidmouth, ID 36122",1939-01-26
Brianna,Anthony,"078 Katherine Gateway, West William, TX 51140",2018-04-29
Justin,Blackwell,"5041 Diane Dam, Rodriguezland, UT 92381",1968-06-29
Stephen,Fisher,"92023 Ortiz Burg, Port Grantmouth, ID 99855",1947-06-28
Nicholas,Barnes,"527 Miranda Haven, Christophermouth, KS 31262",2021-06-15
Don,Thomas,"381 Cantrell Lake, Brandonmouth, AS 49903",1912-10-26
Meghan,Montgomery,"5755 Vaughn Land Apt. 418, East Peterfort, SD 28485",1930-12-31
Amanda,Townsend,"8561 Johnson Estates Suite 587, New Shari, AZ 80512",1981-11-13
Matthew,Mcmahon,"5895 Cox Causeway, Robinsonchester, NV 27587",1972-09-22
Alexis,Walker,"610 Coleman Lodge Suite 857, West Trevor, MT 42820",1922-04-18
Dustin,Hardin,"4579 Laura Overpass, South Feliciamouth, ME 53117",1971-05-26
Carlos,Mcmillan,"9189 Leonard Row Apt. 943, Nicoleberg, FM 65653",2015-12-01
Crystal,Alvarez,"39643 Lee Highway, West John, SC 54678",1957-10-17
Paula,Herring,"508 Antonio Turnpike, Glenville, NC 37389",1909-05-02
Joseph,Green,"502 Kevin Lights, Donnachester, SD 69631",1999-07-21
Anthony,Wade,"3815 Jennifer Brook, Mullenmouth, MD 75351",2012-11-18
Dawn,Peck,"29391 Page Vista, Herreraberg, CA 63443",1942-03-12
Eric,Williams,"1541 Keith Cape, Lake Ann, NE 38596",1921-04-05
Victoria,Wheeler,"05801 Vargas Common, North Erik, MN 59279",1920-05-04
Amy,Sanchez,"4617 Johnston Ranch, Watersberg, SD 36536",1935-07-01
Jessica,Cook,"57518 Taylor Springs Suite 357, South Rebeccafurt, ME 58966",1954-10-26
Cynthia,Rodgers,"19530 Heather Lodge, Port Marymouth, MT 85410",1915-03-07
Michael,Mclean,"981 Daniel Port Apt. 180, Wolfeland, IL 58120",2011-12-05
James,Owens,"37159 Michael Fall Apt. 775, South Ashley, ME 80687",1989-06-20
Lauren,Green,"929 Khan Mission Suite 365, Lake Kimberly, MS 11036",1914-12-11
Jose,Torres,"12313 Daniel Spring, Port Brent, GU 02073",1925-07-09
Adam,Wilson,"0467 Herman Square Suite 585, Lake Valerieside, ID 96865",1926-11-30
Brian,Coffey,"4193 Williams Mountain, Grossland, NC 93673",2019-04-22
Todd,Cochran,"Unit 9348 Box 1904, DPO AE 05090",1931-12-23
Roger,Lucas,"8150 Campbell Point Suite 437, New Angela, AZ 16695",2018-03-13
Elizabeth,Phillips,"0961 Judith Motorway Apt. 733, Port Aaron, CT 29896",1976-07-15
Lisa,Brown,"00609 Nelson Row, Jasonstad, DE 23324",1969-03-11
Lisa,Wagner,"468 William Prairie Apt. 940, Port Courtney, NV 73211",1956-02-18
Michael,Robinson,"1235 William Lakes, Austinport, IA 20358",1989-04-28
Mary,Miller,"8701 April Row Apt. 514, Georgeland, ND 45595",1926-07-14
Tracey,Li,"74980 Carlos Shoals Apt. 128, Shaneside, ME 85787",1986-11-11
David,Gonzalez,"2529 Patterson Canyon, Lake Chelsea, HI 68430",1971-03-05
Cynthia,Bailey,"507 Justin Corner, Glennbury, CT 73846",2013-10-04
Jeremy,Villegas,"85556 Mary Circle, Samuelmouth, RI 35605",1917-07-02
Tina,Weber,"6872 Smith Lock, South Carla, RI 66435",1990-06-09
Scott,Cooke,"8915 Coffey Tunnel Suite 065, East Patrickbury, ID 39763",2002-08-02
James,Ward,"04731 Hart Burg, Port Andrea, MI 33279",1930-05-20
Steven,Leonard,"806 Robert Wells Apt. 710, Evansville, NH 98979",1976-11-15
Alexander,Taylor,"95312 Schneider Cape, Colemanborough, CT 93331",2001-08-08
Christopher,Johnson,"06415 Moreno Groves, Andersonland, GA 42076",2018-11-09
Michelle,King,"97086 Villa Stravenue Suite 264, Garcialand, IL 50509",2010-03-17
Michael,Gordon,"7269 Boyer Inlet, Smithfort, MP 91755",1924-05-31
Nicole,Rose,"27736 Liu Square Apt. 129, Karenchester, OR 25064",1965-06-06
Jillian,Brady,"29415 Hill Vista Apt. 773, Arthurmouth, PA 27301",1980-04-23
Terri,Brennan,"854 Hernandez Junctions, Port Anitaville, ME 74839",1997-08-18
Patrick,Cooper,"290 House Curve Suite 061, West Susan, HI 43809",2017-01-05
Shawn,Clark,"28124 Gabriel Track Apt. 060, East Michelle, AK 70688",1922-09-08
Amanda,Evans,"11680 Jennifer Trail Apt. 981, North James, ND 82057",1918-04-23
Teresa,Murray,"7327 Amanda Gardens Apt. 314, Briannafort, MA 32162",2003-07-26
Nicholas,Heath,"780 Wesley Highway Suite 902, Rebeccafurt, WA 48188",2023-02-17
Jeremy,Saunders,"28287 Robinson Highway, Joshuastad, ME 42742",2014-03-04
Brian,Mills,"USNS Jenkins, FPO AA 53920",1979-01-23
Anthony,Daniels,"2323 Eric Mount Suite 706, New Tamarafurt, SC 70149",1998-05-03
Justin,Terry,"USS Horne, FPO AA 22249",2012-03-14
Annette,Rivera,"PSC 7163, Box 3485, APO AE 29483",1942-04-15
Tiffany,Choi,"32262 Lopez Trail, East Kimberlybury, LA 78648",1978-01-31
Dominic,Green,"9609 Martinez Crescent Suite 639, East Brandon, VI 37402",1914-11-10
Pamela,Rogers,"82487 Carr Pine Apt. 725, Nelsonborough, RI 43797",1934-10-08
Christopher,Torres,"9785 Donna Vista Suite 062, Lake Carl, ID 89715",2011-10-15
Nicole,Walters,"1055 West Estate, West Cheryl, ID 25419",1919-10-17
Janice,Shaw,"57024 Brown Plaza, North Jennifer, GU 80803",1951-04-21
Harold,Martin,"PSC 8013, Box 8995, APO AA 66746",1923-04-30
John,Long,"759 Johnston Spur, Lake Richard, NY 96871",1996-08-16
Matthew,Martin,"4488 Mack Viaduct Apt. 807, Port Chris, CA 87049",1994-08-27
Sean,Mcclain,"USS Roth, FPO AE 43412",1990-08-15
Jason,Jones,"USCGC Freeman, FPO AE 63059",1936-04-24
Sara,Howard,"2748 Andrea Islands Apt. 132, Lake Brian, GU 74462",1957-01-28
Miguel,Woods,"794 Weaver Fields Apt. 457, Fernandeztown, GU 49445",1996-01-10
Ashley,Valdez,"56630 Tyler Parkways Apt. 321, South Kimberly, VI 98203",2014-09-27
Jenny,Hansen,"PSC 3884, Box 4419, APO AP 84923",1987-11-18
Ryan,Wilson,"2724 Richard Ports Apt. 794, Wallfort, GA 57928",1918-05-09
Erin,Reynolds,"927 Freeman Hollow, Skinnerfort, MA 23049",1992-02-01
Sheila,Smith,"48285 Joshua Turnpike Suite 439, West Clifford, GU 93602",1929-12-02
Autumn,Williams,"4450 Navarro Coves Suite 361, Port David, GU 04364",1995-09-09
Jane,Meyer,"838 Porter Avenue Suite 017, Port Shelley, GA 12697",2013-03-19
Ricardo,Spears,"26778 Williams Groves Apt. 468, Michaelville, ND 43733",1958-07-01
Larry,Jones,"48227 Allen Mall Apt. 730, Jenningston, FL 41571",1975-07-19
Emily,Foster,"586 Kristine Island, East Richardburgh, OH 58434",2010-08-09
Shawn,Shaffer,"Unit 4476 Box 3619, DPO AP 72061",1964-05-14
Anthony,Crawford,"52327 Castro Crossroad, Coxville, MH 63660",2012-01-07
Andrew,Salas,"7982 Johnson Wall, Castillotown, MN 72807",2016-03-28
Abigail,Merritt,"0332 Brandon Square, Susanborough, KY 89827",1961-12-09
Tiffany,Moore,"10043 Steven Crest, West Kiaraview, RI 08743",1982-06-08
Jodi,Rogers,"908 Craig Circles Suite 583, Smithmouth, IN 85822",1986-11-03
Mary,Estrada,"831 Diaz Freeway, South Samantha, SD 41645",1974-02-21
Tammy,Allen,"6478 Blair Ville Apt. 353, Turnerburgh, ID 36637",1977-09-21
Stephen,Taylor,"45205 Cordova Spur, West Joseph, AL 80488",1920-04-10
Tracy,Jones,"0240 Mendez Crest Apt. 234, Hallbury, WA 28279",1963-08-21
Justin,Wright,"620 Lee Dam, Lake Danielle, OR 23976",1975-12-17
Isabella,Baker,"PSC 2769, Box 7007, APO AA 57754",1992-09-19
Misty,Ramirez,"514 Brown Isle Suite 382, Wolfemouth, VA 47283",2009-07-23
Jonathan,Warren,"4784 Kirk Burgs, Lake Amandamouth, ID 29702",2017-08-09
Kylie,Duffy,"33608 Lloyd Park Apt. 035, Lake Theodoreshire, MT 33708",1920-03-25
Cassidy,Miller,"42010 Martinez Locks Apt. 297, Jessicamouth, CA 17886",1912-05-20
Jonathan,Sampson,"0174 Cassandra Fords, South Kayla, CT 49859",1975-12-29
Connie,Garcia,"4479 Lewis Lodge, Lake Kristen, IA 60544",1981-12-27
Christine,Clark,"3562 Summers Freeway Suite 620, Emilyview, MT 04831",2022-05-12
Sarah,Tucker,"3129 John Crescent, Timothybury, KY 65521",1982-05-19
Dalton,Jenkins,"42953 Larry Islands, North Anthonytown, IN 97770",1968-12-22
Arthur,Barnes,"70947 Diaz Orchard, Carlaville, VT 51181",2008-06-22
Wendy,Coleman,"720 Reynolds Lakes Suite 611, Maryburgh, AK 36302",1952-10-11
Darlene,Anderson,"5073 Jason Ports, South Joseph, WI 44346",1935-01-27
Gloria,Gillespie,"416 Angela Port, Johnberg, TX 74493",1966-03-23
Jeffrey,Bailey,"9798 Heath Groves Apt. 051, Lake Donaldside, IN 83295",1924-01-05
Raven,Wood,"1397 Carla Stream, Larryton, KY 67156",1922-10-05
Robert,Russo,"5258 French Cliffs, South Christopherberg, MS 14690",2006-04-08
Dustin,Williams,"8193 Lewis Trail Suite 444, West Jessica, IL 37786",1942-07-11
James,Price,"31267 Bright Brook, North Elizabeth, WV 08759",1985-07-30
Jennifer,Peterson,"99920 Schmitt Cliff, New Lauren, VI 34629",2006-10-16
Richard,Lane,"15503 Daniel Mountains, Jenniferfurt, VA 76618",1994-12-21
Susan,Nixon,"3842 Johnson Stream Apt. 834, Alyssaberg, NE 23751",1936-02-25
Mark,Donovan,"Unit 4211 Box 5530, DPO AA 58470",2004-01-19
Richard,Mills,"7739 Gutierrez Rest Suite 859, East Drewport, TN 49517",1957-03-31
Evelyn,Gray,"7416 Deanna Pass Apt. 207, Nicolemouth, HI 55624",1945-06-22
Donna,Ruiz,"66536 John Crossing, East Sara, AL 90595",1909-05-24
Amanda,Tucker,"8255 Glover Rapids, Bakerside, NE 95934",1999-02-14
Paul,Hess,"118 Nelson Stravenue, Jennifermouth, ND 76409",1944-01-31
Lisa,Smith,"USNV Michael, FPO AA 89060",2006-05-08
John,Bailey,"364 Zhang Road Suite 843, Port Michelebury, LA 87450",1967-08-11
Manuel,Harrington,"USCGC Bennett, FPO AE 19565",1909-10-06
Charles,Maxwell,"4070 Olson Junction, Port Sandra, VI 68192",2018-11-20
James,Evans,"8841 Alexander Loop Apt. 855, Port Shelleyfort, KS 02809",1967-07-09
Stephanie,Lutz,"9977 Colleen Plains, Davidfort, IL 57993",2001-05-31
Katherine,Hamilton,"2968 Grace Throughway, Lake Tonyamouth, VA 18912",1943-07-06
Dakota,Clark,"2120 Elizabeth Views, New Williamstad, IL 15818",2003-08-20
Craig,Brown,"0229 Ross Stream, Rhodesbury, GU 14323",1963-06-30
Teresa,Gonzales,"556 Katherine Gardens, Shannonton, WV 42985",1998-03-31
Krista,Gonzalez,"9954 Sanchez Dam Apt. 839, Matthewborough, FM 58354",2006-12-06
Brianna,Martinez,"13813 Murray Hills Apt. 218, Port Christinafort, MN 84483",1952-12-15
Matthew,Evans,"85558 Ramirez Brooks, Port Meganview, NC 19408",1997-09-08
Debbie,Smith,"Unit 6614 Box 3398, DPO AP 06947",1971-01-23
Joseph,Olsen,"7185 Martinez Forest Apt. 012, South Michael, AS 23426",1935-09-25
Julia,Leon,"538 Heather Roads Suite 876, Vanessaview, FM 35433",1939-10-17
Timothy,Cruz,"6846 David Ridges, Armstrongville, TX 40204",1996-11-23
Edwin,Valdez,"Unit 8807 Box 9377, DPO AE 71783",1908-12-25
Tammy,Nguyen,"726 Jeffrey Mills, New Gregoryfort, FL 84354",2006-01-04
Dawn,Mendoza,"41032 Collins Hills Suite 138, Lake Marytown, AS 77874",1975-05-02
Charles,Morgan,"43768 Jeremy Junctions, Thorntonstad, TN 40887",1973-02-07
Samantha,Olson,"105 Andrews Course, Port Josephport, LA 95386",2021-10-14
Jeff,Patrick,"587 Vanessa Trafficway, Port Laura, TN 41993",1951-08-15
Melvin,Perez,"6808 Santos Curve Suite 222, Nicholsshire, PW 60007",1918-07-07
Kimberly,Roberts,"355 Dwayne Fall Apt. 518, Escobarview, OR 77646",1970-04-24
William,Hunt,"PSC 5481, Box 1334, APO AE 79513",2016-05-15
Patricia,Taylor,"36111 David Squares, Lutzbury, SC 41501",1945-08-27
Herbert,Chase,"434 Figueroa Rapid Apt. 341, West Michelle, FL 36316",1946-12-22
Christopher,Wright,"81859 Brooks Meadows Apt. 917, Lucasbury, SD 44896",2018-01-01
Sharon,Pena,"Unit 7916 Box 4561, DPO AA 14254",1969-11-13
Christie,Davidson,"0157 Shannon Path, West Christopherport, PW 13685",1942-08-29
William,Andrade,"Unit 8989 Box 9734, DPO AA 43400",1917-05-15
Elizabeth,Lopez,"854 Natalie Highway, North Daniel, PA 13466",2010-07-27
Kevin,Yates,"4438 Dana Parkway, Huntershire, MD 62542",1971-05-01
John,Johnson,"9228 Mario Fields, East Kathryn, FM 35882",1991-03-10
Beth,Brady,"6082 Bishop Cape, Martinezville, IA 47853",2021-01-11
Paul,Parker,"8807 Megan Expressway Suite 935, North Markchester, MA 23675",1951-10-14
Carolyn,Jones,"914 Timothy Shoals Suite 795, East Yvonnechester, FL 32378",1954-01-24
Mariah,Taylor,"08631 Gibson Estate, Melissaport, CO 53755",1983-07-02
Arthur,Allen,"468 Spencer Summit, East Lisafort, IA 44174",2000-01-21
Eric,Patton,"0153 Matthew Creek Apt. 710, Johnview, NJ 90518",1927-12-19
Victoria,Taylor,"3314 Kyle Viaduct Apt. 113, Blackwellbury, SD 57638",1926-09-30
Sherry,Johnson,"7518 Coleman Groves, Anthonybury, CT 56063",1927-06-11
Joshua,Lewis,"14536 Larry Squares Suite 519, Port Jacob, RI 08846",1943-04-08
Laura,Poole,"936 Cory Inlet Apt. 636, Donnafurt, MI 67304",1988-05-25
Nicole,Jackson,"8783 Nash Street, Port Lisa, ME 03829",1981-05-11
Jennifer,Mcdaniel,"4710 Katherine Walks, North Julia, TX 47431",1912-03-16
Victoria,Salas,"88446 Hamilton Vista, Tonyview, OK 17567",1983-12-31
Jennifer,Hahn,"86292 Bishop Fall Suite 635, Margaretland, MP 63911",1928-11-05
Joseph,Sheppard,"USNV West, FPO AA 58772",1926-04-15
Alyssa,Hicks,"678 Stark Well Suite 358, Lake Matthew, RI 06461",1955-05-09
Patrick,Parker,"81019 Doris Fall, Tinastad, AS 50861",1979-03-02
Marcus,Rivers,"38850 Cox Road, East Samuel, VT 91304",1971-07-12
Gabriel,Martinez,"5716 Spencer Springs Apt. 398, Whitebury, VA 65411",1929-12-12
Christine,Stokes,"PSC 9451, Box 6397, APO AE 93879",2017-08-02
Margaret,Johnson,"428 Alvarez Way Suite 449, Zimmermanfort, OK 18179",1970-05-01
George,Page,"9499 Rachel Falls, Lake John, MS 48010",1925-11-11
Tracey,Bates,"4916 Katherine Lodge Apt. 044, North Michael, TX 02007",1989-12-15
Tristan,Simmons,"Unit 4114 Box 1402, DPO AP 39829",1994-11-06
Kevin,Silva,"90829 Anderson Mills Suite 516, Nguyenville, DE 09480",1992-09-19
Betty,Huerta,"93734 Jones Springs Suite 416, Rickeyshire, TN 49791",2014-02-15
Andrew,Harris,"606 Miles Lake Suite 300, Lake Georgeview, NJ 44371",1912-10-24
Kristopher,Rice,"PSC 0314, Box 6575, APO AE 66634",1917-06-26
Kevin,Hopkins,"3554 Rodriguez Island, New Katherinefort, NV 56412",1964-08-16
Craig,Reed,"55525 Garrison Prairie, Chaneyfort, DE 93611",1949-12-30
Richard,Ingram,"721 Tina Station, New Annashire, AZ 80470",2017-10-12
Brian,White,"36556 David Expressway Suite 951, Randystad, AZ 37810",1987-11-29
Craig,Wright,"079 Cody Court, Johnsontown, NE 98523",1975-10-25
Rhonda,Watts,"14601 Christina Well, Bryantmouth, MP 36191",1917-12-30
Lori,Meyer,"48572 Wiley Freeway, Robinsonport, PW 88066",1972-11-22
Emily,Morris,"8606 Shelby Keys Apt. 918, Hughesbury, VA 45157",1930-05-23
Rhonda,Vargas,"05235 Smith Wall, Huffmouth, SC 09193",1938-04-25
Edgar,Ball,"3484 Mike Parkway, New Thomasville, NE 45557",1989-04-13
Michelle,Anderson,"USS Malone, FPO AP 05365",1970-05-14
Latoya,Nguyen,"9283 Lee Locks, Zacharychester, AZ 50903",1983-01-26
Robert,King,"36355 Lori Fort, Williammouth, KY 07452",1974-02-02
Ronald,Mcintyre,"740 Gomez Trace, Campbelltown, IN 35124",1982-03-08
Kristi,Jones,"070 Villa Villages, Brandonstad, NM 89507",1991-06-29
Melissa,Silva,"0140 Fernandez Roads Apt. 073, North Wayne, TX 26197",1920-09-21
Diane,Smith,"59844 Sheila Expressway, Taylormouth, OH 19597",2003-02-03
Joshua,Smith,"013 Matthew Corners Apt. 595, East Jenniferhaven, PA 74250",1983-03-07
Thomas,Davis,"38178 Flores Place Apt. 219, New Ericberg, IN 30491",1964-07-17
Melvin,Jackson,"3080 Mcpherson Pine, Jamesmouth, AS 15620",1915-10-07
Michael,Salazar,"168 Malone Fords Apt. 531, Listad, NH 27605",2016-07-14
Patricia,Jones,"39904 Bolton Cliffs, Salinasside, MO 53283",1980-07-08
Karina,Owens,"7658 Rodriguez Ways, Rossbury, PW 43751",1991-04-21
Veronica,Travis,"02811 Kathy Road Suite 689, East Cathy, DC 79211",1960-12-23
Kelly,Villarreal,"638 Sarah Mission, Fieldstown, SC 67580",1934-08-16
Diana,Miles,"192 Karen Inlet, Lake Jeff, OH 50824",1996-09-23
Sarah,Eaton,"USS Navarro, FPO AA 76384",1957-12-27
Christina,Davis,"87001 Rocha Route, Pereztown, AZ 53880",1991-09-14
William,James,"208 Michael Ramp Apt. 038, Jenniferchester, WV 87545",1978-11-07
William,Sullivan,"770 Heather Brooks Apt. 494, Smithberg, DC 41581",1977-07-28
Brandon,Garcia,"3899 Penny Hollow, South Travischester, AR 48209",2020-08-17
Stacy,Bradford,"92315 Garcia Trafficway Suite 259, Ravenborough, MP 37942",1919-05-02
Patricia,Ward,"1745 Mayo Squares Apt. 939, West Amystad, WY 12068",1965-01-28
Mark,Morgan,"468 Wagner Radial, Dorseyfurt, NM 88208",2020-11-30
Linda,Campbell,"9305 Byrd Rest, East Jameschester, AZ 00519",1963-11-14
Brenda,Graham,"1662 Hansen Haven, Valerieton, CT 43205",1974-07-14
Heidi,Smith,"276 Drew Well, Port Frank, MN 19425",1909-02-11
Lori,Bradley,"47407 Morales Forest Apt. 726, West Natalie, OK 72168",1917-04-09
Denise,Coffey,"4275 Avila Isle, Costaburgh, OR 83937",1970-12-30
Monica,Moran,"09560 Macdonald Park Apt. 961, Christinatown, IA 16095",1993-10-06
Tyler,Reynolds,"USNS Fuentes, FPO AE 99177",1909-03-25
Julie,Crosby,"6937 Wilcox Mills Suite 248, Jacksonton, VI 94583",2015-08-22
Cynthia,Boyd,"437 Hughes Port, East Alice, MD 89822",1941-01-29
Gerald,Contreras,"1878 Heather Crescent, Port Brendanbury, PA 03056",1908-09-27
Amanda,Perkins,"44744 Steven Circles Apt. 947, New Davidhaven, IL 02008",1917-02-23
Charles,Hill,"730 Brown Fort Suite 277, West Destinyfort, NM 41619",1945-01-15
Mary,Martinez,"4448 Richardson Vista, Port Andrea, WI 32981",1946-09-08
Andrew,Bell,"9838 Wells Mountains, Chadberg, SC 61305",1919-12-13
Laura,Martinez,"541 Ronald Radial, West Amandaborough, NM 06002",1958-06-21
Randy,Collins,"398 Crystal View, Romeroborough, ND 11999",1922-02-19
Robert,Russo,"801 Melissa Islands, Kevinborough, NM 63565",1937-09-05
Brandon,Rubio,"871 Rose Light Apt. 773, Port Bonnieberg, MO 56890",1957-07-12
Jason,Lopez,"64160 Coleman Radial, Lake Jessica, PR 14606",1957-10-03
Robert,Burke,"9062 Karen Ferry Apt. 915, Berryfurt, SD 81679",1937-09-13
Wanda,Snow,"PSC 5160, Box 2166, APO AA 88009",2020-04-22
Andrew,Mathews,"1101 Perez Turnpike Apt. 889, Lynnmouth, NM 79535",2017-08-05
Valerie,Esparza,"269 Robinson Field Apt. 423, Davidberg, VT 13241",1961-10-07
Shannon,Williams,"PSC 7665, Box 3002, APO AA 64637",1937-01-15
Angelica,Price,"14629 West Islands, Hughesborough, ID 07096",1972-08-31
Justin,Lucas,"947 Jones Canyon Apt. 204, Port Ethanport, HI 88389",1945-04-03
Amy,Mcmahon,"436 Sophia Cliffs Suite 646, Justinmouth, WV 26142",1956-05-30
Philip,Smith,"6065 Mcdaniel Center Suite 343, Lake David, WY 57929",1959-07-07
Micheal,Rogers,"1828 Cameron Streets, Johnsonmouth, MD 59899",1995-07-20
Jose,Klein,"54535 Johnson Glen Suite 515, Murphybury, FM 03040",2002-01-25
Stephanie,Whitaker,"6675 Lisa Keys, New Tonya, DC 62522",1948-03-13
Joel,Padilla,"11402 Hartman Isle, Parsonsview, WA 28957",1976-05-31
Molly,Hansen,"910 Dixon Knolls, Juarezfort, ND 89196",1960-12-24
Michael,Schmidt,"970 Spence Mills Suite 665, North Angelaton, MP 84652",2023-04-26
Adam,Owens,"6698 Ball Port Suite 411, Shaneport, TN 62338",1978-04-11
Joseph,Cortez,"4901 Kelly Spurs, North Sherryfort, ID 70031",1914-01-23
Samantha,Lowery,"4599 Stephanie Branch Suite 666, New Ambermouth, MS 24346",1965-04-13
Michael,Taylor,"683 Shelby Orchard, Caseychester, PW 26067",1989-01-25
Erik,Lee,"4544 Griffin Inlet, Susanstad, NM 74787",1946-06-22
Brian,Mendez,"146 Erin Loop, Maciasview, VT 86724",1976-12-27
Brian,Cervantes,"2676 John Green, South Jennifer, WY 87085",1946-03-24
Russell,Barnes,"110 Allison Mill Suite 256, East Samanthachester, WI 72419",1969-07-22
Jacob,Hess,"3747 Stacie Pines Suite 932, Port Juliastad, CT 09853",1965-01-11
Jennifer,Sanford,"0910 Warner Mountain, North Noahchester, GU 51876",1918-05-26
Mathew,Patterson,"1388 Newton Walks, North Megan, RI 53503",1976-07-24
Jessica,Horton,"40382 Tara Loop Suite 818, North Jeannemouth, DE 98670",1917-07-07
Martin,Vaughan,"900 Lisa Forks, Lake Benjaminland, CT 01190",1982-03-12
Jillian,Edwards,"33638 Keith Locks Apt. 557, Randyview, HI 02856",1938-10-15
James,Edwards,"585 Cruz Orchard Suite 871, New Kathleen, IL 80201",2013-09-20
Joseph,Olson,"6550 Miller Spurs Apt. 186, New Arthurmouth, NY 26155",1935-06-25
Stephanie,Carr,"9037 Thompson Land, Leonardhaven, WI 31729",2021-03-23
Erin,Armstrong,"2076 Wells Station Apt. 161, Brandymouth, MT 75501",1912-09-24
Denise,Collins,"USCGC Frazier, FPO AE 67374",1959-12-30
Diana,Flores,"746 Chapman Glen Suite 960, Anthonyside, SC 74502",2014-12-21
Dana,Zavala,"170 Victoria Crossroad Suite 659, Tiffanytown, DE 82498",1981-04-20
Mary,Davis,"974 Hughes Keys, Bakerbury, SD 46017",1968-04-07
Tiffany,Jones,"36719 Chloe Valleys Apt. 495, Brockburgh, PA 58758",1958-12-26
Jonathan,Frazier,"2726 Gonzalez Meadows Suite 253, West Javier, NV 72051",1954-08-22
Alicia,Boyer,"9622 Alan Pike Apt. 702, Port Tara, IN 40164",1996-09-17
Rebecca,Morrison,"Unit 3165 Box 5489, DPO AE 97829",1933-02-08
Troy,Mcguire,"4179 Nelson Manors Suite 112, North Tyrone, RI 12048",1966-03-09
Robert,Carey,"PSC 0353, Box 7886, APO AE 68289",1950-12-27
Gary,Matthews,"083 Carroll Junctions Apt. 864, Tylerhaven, NE 44305",1957-12-24
Jean,Waller,"1713 John Ways, Jenniferborough, IA 84099",2022-03-06
Melissa,Hart,"001 Perez Lock, Richardsonchester, AR 33871",2015-08-26
Jose,Douglas,"88989 Calhoun Keys, Aaronville, MI 95315",1918-06-20
Amy,Murphy,"USNV Murray, FPO AE 46051",2010-07-18
Ashley,Oneal,"3852 Casey Parkway, West Sharon, MA 04591",1982-01-30
Troy,Fisher,"700 Louis Shoal, South Adrienne, IL 55502",1919-11-14
William,Potter,"1619 Lambert River, Meyerstad, IN 94366",2006-02-02
Sarah,Padilla,"2858 Tina View Suite 845, Lake Paulville, NE 37806",2017-06-12
Glenda,Collins,"5819 Hernandez Mountain, South Noahburgh, FL 33215",1928-03-30
Teresa,Ramsey,"822 Villa Gateway Apt. 153, West Ryanmouth, ME 63451",2000-01-04
Teresa,Thompson,"0461 Lee Knolls, South Dana, ND 69891",1979-09-06
Trevor,Friedman,"7608 Garner Station, Christopherburgh, KS 14216",1985-01-24
Gregory,Holland,"809 Miller Glens Suite 540, Maryborough, FL 97074",1956-05-06
Maria,Smith,"Unit 4053 Box 6761, DPO AE 03489",2020-07-04
Elizabeth,Le,"4001 Sarah Summit Apt. 517, Lake Jason, FM 56272",1915-12-30
Jason,Ruiz,"1471 Guerrero Fort, Lake Jacqueline, AS 10201",1948-04-24
Tina,Combs,"915 Smith Plains Apt. 694, North Emilymouth, FL 76725",1949-06-27
Denise,Joyce,"329 Lauren Cove Suite 712, Burtonmouth, AK 13011",1957-03-19
Erica,Zuniga,"0744 Danielle Corner, Port Kellybury, IL 14720",1955-04-29
Lori,Kim,"15370 Jill Bridge, North Anthony, MN 19481",2022-06-14
Jason,Garcia,"183 Weiss Track, North Thomasville, PR 19555",1948-11-11
John,Silva,"894 John Springs, East Marthabury, PW 04332",1937-12-27
Charles,Friedman,"4425 Hutchinson Club Suite 567, Gillespieburgh, GA 20594",1965-04-30
Amanda,Roman,"015 Arthur Light, Norrisville, LA 23197",2007-02-13
Clayton,Simpson,"200 Espinoza Drives Apt. 481, Nicholsonville, SD 00794",1933-02-14
Colin,Green,"276 Patrick Springs Suite 613, Kimport, PW 91713",1951-10-16
Todd,Aguirre,"5310 Whitney Shore Suite 015, Lake Amanda, NY 90092",2023-04-12
Valerie,Buckley,"7673 Michelle Tunnel Suite 027, Johntown, VT 32286",1932-11-02
Michelle,Mora,"36618 Duane Drives, Leeburgh, LA 04882",2012-01-31
Nathan,Aguilar,"743 Andrea Points Apt. 368, Simonfurt, MP 70735",1927-05-11
Danny,Kelly,"6592 Paul Lodge, Keithshire, NJ 11145",2002-07-19
David,Avila,"97943 Suzanne Ridges, North Melaniefort, IN 34564",1961-11-23
Cory,Taylor,"386 Michael Groves Suite 174, Port Jessicaport, VA 85855",2016-12-15
Timothy,Morris,"412 Richard Shore Apt. 083, Lake Robert, NY 22811",1979-01-22
James,Johnson,"PSC 3154, Box 0380, APO AP 00981",1954-12-11
Laura,Hines,"7243 Murray Underpass Apt. 194, Daughertyland, AL 93306",1977-04-18
Crystal,Sexton,"Unit 3992 Box 6109, DPO AE 59922",1972-02-20
Carolyn,Cross,"Unit 8148 Box 2298, DPO AA 83406",1945-12-16
Karen,Herman,"041 Martin Roads Suite 586, Gabrielbury, MH 35491",1964-08-04
Alexander,Bond,"897 Joshua Forest, Christinashire, MI 33153",1973-06-05
Mitchell,Irwin,"82287 Jennifer Isle Apt. 779, East Davidland, RI 12007",1981-05-19
Ariana,Carter,"730 Savannah Corner, North Sonya, OH 11437",1940-07-05
Shawn,Adams,"747 Kimberly Wall Apt. 796, New Paulatown, PR 64008",2018-11-19
Thomas,Scott,"78378 Hughes Well Apt. 015, Barryton, TN 40541",1963-02-02
Cory,Davis,"251 Amber Port Suite 063, Lake Dakota, OK 30750",1950-11-10
Robert,Hahn,"84551 Wilson Unions Apt. 971, Bennettport, OR 85581",1921-07-15
Robert,Dominguez,"19185 Christy Views, Mariashire, AK 29862",1971-11-22
John,Mejia,"Unit 3894 Box 9805, DPO AP 29704",2008-10-22
Krystal,Kelley,"13126 Caleb Rapid, North Lisashire, SD 56514",1942-03-11
Preston,Burgess,"2548 Rogers Cliffs Apt. 893, North Derrick, GA 33329",1911-06-28
Kevin,Waters,"2946 Kevin Bypass Suite 538, New Christopherhaven, NY 17727",1979-02-27
Laura,Johnson,"71349 Lisa Via, Ericmouth, SD 34988",2006-07-15
Jesus,Anderson,"0487 Ariel Trafficway Suite 585, North Mike, WV 90007",1914-07-28
Robert,James,"6902 Thompson Vista Apt. 058, West Brendaberg, VI 64689",2008-09-17
David,Avery,"9192 Theodore Burg Suite 381, Petersentown, KY 11849",1925-11-12
Abigail,Rodriguez,"7160 Turner Curve Suite 135, Greermouth, WY 68481",2002-08-25
Tammy,Ballard,"85340 Mitchell Center Suite 097, Alyssachester, AK 26758",1980-02-15
Kelsey,Kelly,"3868 Hill Stream, East Shannonshire, CO 15590",1951-02-16
Zachary,Nelson,"020 Johnston Center Apt. 431, New Daniel, WA 48139",1920-12-31
Joyce,Nguyen,"52052 Byrd Rest Apt. 046, Port Kerry, WY 87484",1927-05-23
Kristen,Sanchez,"8555 Elliott Points, Lake Michaelmouth, HI 07910",2000-10-16
Christopher,Lang,"41640 Smith Springs, Jerrystad, VA 09978",2012-10-04
Tamara,Green,"3411 Curry Rapids Apt. 958, New Robertbury, FM 95767",1985-07-13
Lydia,Smith,"448 Wells Station Suite 521, Lake Melodyland, KY 37774",1990-07-10
Laura,Woodward,"815 Shaw Dam Suite 491, South Heather, NH 33058",1938-08-21
Devin,Cox,"PSC 4782, Box 5532, APO AE 27777",1958-08-30
James,Brooks,"46996 Sarah Vista Suite 753, Lake Eugeneborough, DC 31562",1947-10-31
Tiffany,Alexander,"560 Johnson Road, North Anthony, OH 24606",1974-02-09
Michael,Stevens,"4469 Hall Brook, Eddiemouth, WV 17128",1910-10-18
Julie,Pham,"897 Marie Light, Turnertown, KS 78858",1983-09-30
Catherine,Weber,"8430 Julia Creek, Smithborough, TN 58066",2012-07-15
Sharon,Adams,"7354 Alexander Ramp, Chaneyport, NH 64287",1966-08-17
Joseph,Prince,"998 Richard Hill, West Frankton, AZ 56560",1951-08-24
David,Kane,"7135 Natalie Locks Suite 982, South Ruthchester, MT 50349",1924-05-11
Thomas,Woods,"492 Preston Estates, Nancychester, DC 67321",1968-02-14
Deanna,Scott,"210 Linda Views, North Andrewton, PR 03988",1984-10-08
Christopher,Lambert,"Unit 3789 Box 7797, DPO AA 44490",1939-07-05
Donna,Scott,"1758 Johnny Valleys, Timothyhaven, MA 98902",1919-02-23
William,Cruz,"355 Patricia Forges Suite 215, Mooreport, WI 81694",1938-11-07
Katherine,Dickerson,"2661 Rebecca Estates, Figueroahaven, AL 81268",1965-12-14
Kristen,Hunter,"67007 Miller Crossroad, North Andreafort, AR 24596",2015-08-01
Chad,Porter,"601 Harris Crest, Henrystad, DC 85514",1924-08-27
Matthew,Ryan,"80732 Bennett Squares Suite 269, Port Cody, WI 37133",1923-08-19
Wesley,Harrison,"6174 Schmidt Roads, Daniellestad, ID 94591",2005-04-10
Dominique,Porter,"7263 Smith Turnpike Suite 707, North Keith, NC 41487",1925-05-28
Robyn,Baker,"13444 Tanner Bridge, Dawnmouth, ME 55238",1914-11-28
Anthony,Harris,"283 Rodgers Flats Apt. 946, Lake Victoria, UT 60847",2007-11-29
Rhonda,Graves,"6119 Mendoza Forge Suite 085, Bakermouth, NC 72209",1937-04-16
Cathy,Thomas,"4484 Walker Ville Suite 991, Danielport, ND 81774",1995-10-24
Donna,Norman,"PSC 0003, Box 7051, APO AA 23909",1953-08-29
Cody,Clay,"9381 Merritt Corner Suite 158, Port Arianamouth, GA 85086",1923-09-12
Melissa,Roberts,"155 Raymond Locks Suite 802, Lisaberg, MP 37523",2002-05-02
Vanessa,Mora,"566 Duncan Rest, Jenniferstad, GU 15698",1988-08-21
Cody,Williams,"483 Wanda Shores, North Tomtown, RI 92453",2010-11-13
Michele,Nelson,"071 Oliver Camp Apt. 267, West Christina, WV 01708",2020-10-10
Jeremy,Hudson,"34762 Whitney Road, Thomasport, TN 48151",1954-10-12
Joshua,Smith,"51468 Roger Drives, East Lindsay, MO 13839",1944-07-21
Brandy,Cunningham,"048 Mercado Station Suite 317, Lake Valeriemouth, ND 57840",1909-05-13
Sandra,Owens,"72675 Diane Street Apt. 635, Port Jennifer, AK 70671",2012-08-08
Suzanne,Pham,"917 Jesus Pike Suite 047, Annaborough, MD 64305",1929-08-23
Melissa,Jennings,"235 Gallagher Locks, South Kelli, NJ 77669",1962-12-18
Tyler,Murphy,"56473 Patrick Cliff, Nataliechester, NV 72025",1942-02-26
Trevor,Martinez,"6926 Donald Hollow, West Matthewmouth, OK 00838",1938-10-25
Phillip,Quinn,"51255 Cassandra Junction Apt. 114, South Troy, ID 02726",1923-06-13
Jessica,Mckee,"8586 Reed Fields, Lake Brian, VA 87180",2007-05-08
Julia,Hicks,"161 Valdez Square, West Williamview, MO 54916",1944-11-01
Adam,White,"72004 Mathews Way Apt. 729, West Brandon, ID 13396",1979-04-27
Bruce,Miller,"1511 Torres Turnpike Apt. 729, Port Mark, FL 81329",1916-10-31
Kelly,Kelley,"397 Robert Alley Suite 478, East Crystal, WA 66714",2016-10-09
James,Allen,"99631 Mccarthy Crossing Suite 595, West Christopher, MO 35109",1924-09-24
Victoria,Barker,"575 Yang Hollow, Lake Rhondaville, MH 04777",1909-05-29
Todd,Robles,"25170 Andrew Orchard, Perkinsburgh, WI 90346",1955-04-18
Joshua,Coleman,"6850 Lisa Ports, Deanview, DC 12884",1915-04-13
Troy,Gross,"40360 Ramos Causeway Apt. 360, Smithmouth, IA 27486",1948-12-15
Jesse,Kim,"7397 Shannon Groves Apt. 943, Kathleenchester, WV 79768",1965-04-15
Katherine,Bailey,"919 Valencia Avenue, South Lindsey, LA 34683",1943-11-29
Christina,Knox,"469 Olsen Forge, North Nicholasfort, IL 09386",1928-06-24
Gavin,Smith,"970 Tara Bridge, Anthonymouth, FL 60160",1954-06-24
Mitchell,Brooks,"Unit 1443 Box 9414, DPO AP 86650",2008-01-22
Neil,Barker,"8787 Rachel Harbors Apt. 302, New Brenda, MA 99373",1991-04-18
Charles,Weaver,"USNV Tate, FPO AE 14108",1942-05-21
Lori,Price,"5854 Elaine Expressway, Teresaview, MS 40793",1948-06-26
Carol,Gonzalez,"983 White Locks Suite 328, Port Shellyville, LA 91486",2018-04-04
Kenneth,Manning,"0116 Bernard Loaf Suite 806, Michelletown, IA 66785",2011-11-26
Thomas,Fowler,"Unit 5587 Box 1061, DPO AP 15804",1997-06-17
Jennifer,Mendoza,"349 Robert Rue Suite 876, Hillton, RI 85362",1935-01-06
William,Miller,"PSC 2692, Box 1690, APO AP 23709",2013-02-15
Roger,Palmer,"64378 Hobbs Station, Vincentfort, PW 02311",2022-10-15
Matthew,Shaffer,"1416 Wilson Underpass Suite 097, Adamport, MS 74124",2004-11-26
Brian,Phillips,"660 Brandon Shores Apt. 309, East Michelleborough, CT 66911",1998-05-23
Crystal,Larsen,"74249 Jasmine Crescent Apt. 141, New Michaelberg, KS 58954",1947-02-11
Brooke,Rojas,"7069 Deborah Roads, Marcusport, KY 21488",1941-08-01
Robert,Hicks,"27826 Nelson Well, West Timothystad, AZ 55117",2014-06-04
Monica,Hobbs,"0359 Hunter Passage, West William, TX 28378",2021-11-24
Todd,Stout,"70858 Kathleen Keys Apt. 972, New Deanna, TN 72902",1983-09-27
Vincent,Rose,"858 Williams Rue, Port Stacy, ND 20762",1990-05-12
Preston,Anderson,"424 Higgins Union Suite 583, Port Johnmouth, NY 91425",1967-03-10
Ashley,Wilson,"774 Schmitt Via, South Gregoryfurt, SD 47768",1967-03-04
Meghan,Miller,"27960 Daniel Port, Singhborough, RI 63024",1988-08-03
Rita,Lloyd,"349 Murphy Road, Tuckershire, TN 35255",1966-11-30
Chelsea,Duncan,"67516 Guzman Knoll Suite 747, West Larry, IL 40373",1919-10-27
Lauren,Green,"894 Lee Vista Apt. 902, South Jaredton, IN 41113",2002-08-28
Dennis,Lopez,"PSC 2664, Box 3678, APO AE 23395",2012-08-03
Sarah,Reese,"75636 Robert Plains Suite 316, Rodriguezmouth, CA 02834",2011-11-16
Angela,Martin,"1437 Allison Course, West Jonathanfurt, NY 01949",1951-09-14
Matthew,Dean,"159 Karen Road Suite 426, Pamelaside, VA 08502",1920-04-01
Jeffrey,Morgan,"64032 Howe Corners, Josephstad, ID 09994",1950-11-19
Brian,Warner,"0108 Green Shoal, Balltown, MO 02828",1967-12-27
Jacob,Davis,"1802 Margaret Lights Suite 640, Lake Blakehaven, UT 05993",1938-02-12
Karen,Clayton,"504 Thomas Ridge, Lake Cynthiachester, DC 58843",2009-10-17
Neil,Wiggins,"3020 Rodriguez Road Suite 522, Cooperton, TX 10511",1973-10-03
Nancy,Castro,"Unit 4956 Box 6656, DPO AE 11487",1946-03-05
Billy,Jones,"96912 Anna Court, Johnnybury, VA 45596",1937-09-24
Kelsey,Brandt,"664 Kimberly Trafficway, Johnhaven, CA 40711",2019-10-04
Edward,Barton,"66218 Diane Views Apt. 014, Lake Heatherhaven, MD 09113",1932-05-27
Patricia,Taylor,"1664 Paula Street, Lake Kevinchester, KY 82644",1994-01-25
Jose,Ward,"2958 Jeffrey Cape, Thomasshire, UT 45745",2017-10-04
Christopher,Harris,"56664 Jones Loaf Suite 071, North Kevin, NM 77863",1991-01-08
Justin,Martinez,"6174 James Knoll, North Natalie, NE 48030",1954-09-09
James,Adams,"42199 Tapia Knolls, Levybury, KS 24570",1948-04-17
Kerry,Krause,"3871 Karen Forges, Christinatown, UT 48351",1999-06-29
Christine,David,"440 Colon Drive, Joshuaton, OK 96406",1951-07-29
Daniel,Fitzpatrick,"93657 Sarah Shoal Suite 620, New Alexisberg, NY 72012",1998-09-26
Rodney,Alexander,"947 Christopher Lodge, Jacksonfurt, MP 46719",1926-04-16
Anthony,Romero,"298 William Centers, Davisberg, NM 07947",1912-03-22
Shelley,Jackson,"80898 Kaylee Ville Apt. 150, Bradleychester, NE 90946",2004-08-03
Karen,Anthony,"263 Munoz Street, Williamschester, VT 15279",1950-02-21
Christina,Chung,"6379 Jill Turnpike Suite 834, Jamesshire, NH 51843",1967-07-17
Eric,Klein,"PSC 4477, Box 8478, APO AE 09148",1909-12-28
Devin,Mendoza,"7640 Casey Wall Suite 986, Michaelmouth, TN 36017",1965-10-01
Adam,Austin,"30445 Barbara Forks Apt. 019, Lake Benjaminberg, OH 34250",1956-05-04
Robert,Osborn,"55848 Turner Vista Suite 705, South Valerie, PA 37062",1931-09-13
Amanda,Carter,"92449 Rachel Land, Port Joseph, LA 48123",2011-06-14
Michael,Porter,"169 Guerrero Isle, Karenfort, MD 59848",1995-08-21
Teresa,Anderson,"USCGC Anderson, FPO AP 97943",1908-09-22
Kathryn,Costa,"PSC 6777, Box 7282, APO AA 82323",1910-10-15
Jessica,Ramirez,"56552 Henderson Land Apt. 318, Ryanbury, MN 08144",1923-06-27
Victor,Parrish,"86223 April Pines, Connorchester, MN 77781",2023-06-13
John,Campbell,"5379 Kelsey Loaf, Stevenfort, MN 83050",1952-10-07
Jennifer,Smith,"41448 Sandra Point Apt. 710, West Roberttown, VA 97371",1963-09-03
Shannon,Rangel,"USNV Diaz, FPO AE 52470",2020-09-08
Johnny,Anthony,"2210 Zachary Groves Apt. 527, Marquezmouth, GU 94322",1998-01-03
Cristian,Ortiz,"PSC 4559, Box 5592, APO AA 96899",2000-08-14
Barbara,Rice,"7928 Poole Camp Suite 968, Port Dylan, TN 76862",1986-07-23
Patricia,Todd,"296 Castillo Dam, West Jeffreymouth, SD 25800",1944-08-12
Tracy,Jimenez,"54299 Banks Pine, New Susanchester, VT 41816",1950-08-13
Melissa,Hunt,"22319 Lisa Plains, Port Angelica, MN 65888",1918-08-26
Joshua,Schmidt,"68610 Katherine Rapids Apt. 506, Lake Christopher, NM 17987",1929-03-18
Pam,Phillips,"1472 Serrano Highway Suite 662, Johnsonberg, OK 95528",1938-01-22
Ronald,Haynes,"085 Katie Pine Suite 439, North Anthonyhaven, OK 99514",2012-07-08
Randy,Aguirre,"61230 Stephanie River, North Curtischester, MA 89769",1964-05-13
Jonathan,George,"21044 Matthew Greens Suite 317, Hayesberg, CT 84403",1990-12-22
Barbara,Leon,"168 Melissa Way, North Jessica, PA 80202",1923-10-06
Jamie,Becker,"08971 Jessica Cliff, East Megan, MT 29503",1916-08-01
Matthew,Dixon,"29896 Garcia Port, New Marc, HI 67856",1976-10-20
Luis,Clark,"USNV Garcia, FPO AA 04679",1922-08-30
Sarah,Smith,"885 Brenda Circle, Port Janice, FM 09239",1926-02-02
Trevor,Roberts,"32883 Angela Via Apt. 081, South Jeffery, PR 86710",2022-02-13
Meghan,Coleman,"0549 Lucero Path Suite 915, New Brookeville, MN 88285",1909-05-06
Anne,Gonzales,"57634 David Motorway, New Amy, VA 30892",2016-12-31
Terri,Hamilton,"Unit 1209 Box 0326, DPO AE 75842",1976-06-30
Lindsay,Jones,"3060 Andrews Manor Apt. 032, West Kellybury, GU 60933",1998-11-25
Rachael,Smith,"Unit 4889 Box 9494, DPO AA 68178",1909-12-11
Crystal,Smith,"3484 Alicia Drive, Lake Bradley, NC 93330",1955-08-22
Jennifer,Adams,"62059 Elliott Skyway Apt. 133, Loritown, UT 04336",2008-01-03
David,Lamb,"3943 Jensen Island Apt. 990, Rogerfurt, MO 72699",2007-06-28
Michelle,Rosario,"82052 Ryan Passage Apt. 148, Hensonton, KY 11992",1970-04-21
Jerome,Jacobs,"8664 Brian Corner, Jillborough, HI 82925",1959-08-07
Daniel,Burns,"5971 Megan Manor, West Melissafort, NC 05742",1993-05-23
Tyler,Ramos,"PSC 7760, Box 3588, APO AA 43121",1969-03-23
Steven,Gonzalez,"87604 Scott Terrace, West Tanya, FL 43081",1976-08-26
Alicia,Jones,"25727 Bailey Turnpike Suite 407, Jacksonshire, NY 11231",1930-09-01
Zachary,Carey,"1743 Leonard Knolls Apt. 288, North Michelle, VT 27876",2019-06-28
Natalie,Arias,"3032 Warren Square Suite 566, East Robert, UT 71042",1918-01-10
Connie,Lopez,"415 Collins Points, Lake Emily, IA 85206",1972-11-11
Samantha,Doyle,"0175 Debra Square Apt. 810, Philipfurt, FL 26682",1947-12-11
Katrina,Cordova,"15642 Lopez Corner Apt. 646, Jesseport, MH 82855",2018-06-22
Charles,Nicholson,"539 Penny Flat, Stewartview, SC 18089",1971-09-04
Cynthia,Murillo,"1958 Morgan Corner Apt. 455, Mackport, NM 46399",1987-05-10
Isabel,Fisher,"0606 Bauer Square, Bethanyville, NM 05411",2019-09-23
Ronald,Taylor,"Unit 3826 Box 9138, DPO AP 43974",1959-11-04
Brett,Wilson,"5658 Solomon Locks Apt. 516, Maddenside, KY 11028",1931-08-20
Tricia,Ross,"165 Miller Gateway, Toddstad, DC 25421",1940-05-23
James,Webster,"29353 Allen Trail Suite 552, East Charlesfurt, AZ 30557",2004-03-15
Theresa,Williams,"2783 Gregory Turnpike, Martinezfort, WV 10380",1982-01-08
Patrick,Miller,"58967 Jennifer Road Suite 525, Spencerburgh, NC 44677",2017-07-24
Joseph,Ryan,"03135 Singleton Bypass Suite 485, East Diane, OH 78249",1963-12-17
Johnny,Cardenas,"5033 Elizabeth Center Apt. 961, North Josephton, OK 52173",1934-08-18
Barbara,Miller,"492 King Lock Suite 876, Glennhaven, WY 99772",1978-05-05
Joseph,Moran,"575 Kent Manors Apt. 622, Leslieview, AZ 57205",1932-04-29
Thomas,White,"971 Richardson Ferry, Lake Tammystad, SD 78320",2014-10-26
Lydia,Kent,"0758 Kelley Keys Apt. 442, East Melissashire, DC 39037",1913-08-28
Elizabeth,Wheeler,"578 Aaron Square Suite 617, South Adamberg, NY 94005",1940-04-09
William,Nelson,"Unit 7166 Box 9219, DPO AP 13628",1943-12-25
Brett,Scott,"Unit 3815 Box 3501, DPO AA 54008",1943-07-12
Raymond,Rodgers,"3001 Khan Pines Suite 692, Jenniferbury, MS 95063",1923-11-27
Dalton,Mahoney,"3877 Carney Locks Apt. 447, Erikfort, IL 46635",1913-07-14
Christina,Shelton,"5851 Angela Lodge Apt. 417, Jenniferville, KS 06847",1916-07-26
Stacey,Watkins,"08583 Jason Dale, Derrickmouth, AR 88197",2009-10-27
Debra,Anderson,"26777 Torres Stravenue Apt. 625, South Brent, AZ 05572",1934-04-03
Timothy,Mcdaniel,"76624 Fuller Lakes, New Dennis, AL 91533",1968-10-11
John,Bowen,"23323 Patricia Coves, Carriebury, NM 06520",1920-10-14
Christina,Price,"9676 Carrie Roads Apt. 484, Adriennemouth, MP 69539",1929-01-28
Brian,Benjamin,"55358 Penny Vista Suite 317, Roseport, CA 73306",1985-06-28
Joel,Bryant,"67459 Sutton Views, Port Traceyfurt, TX 35189",1969-05-04
Travis,Woods,"67069 Tucker Avenue, Victoriafurt, PA 88712",1929-10-29
Patricia,Kelly,"PSC 6384, Box 8102, APO AA 72804",1943-12-25
Michael,Lynch,"USCGC Moore, FPO AE 41864",1939-03-14
Sheryl,Thompson,"4774 Hudson Manors, East Ryan, KY 56636",1951-10-22
Justin,Clark,"731 Morgan Mountain Apt. 918, South Michael, IA 02622",1961-07-29
Whitney,Good,"7013 Michael Camp Suite 093, Kellyborough, TX 67890",1927-11-11
Daniel,Gardner,"44767 Duarte Garden, East Justinshire, PA 65816",2020-06-11
Jeffery,Kaufman,"8764 Rebecca Walk, Port Mary, AS 53486",2011-02-12
Maria,Forbes,"6447 Jeanette Station, Josephberg, IA 24767",1933-11-16
Ethan,Coleman,"237 Stafford Ways Suite 265, New Ashleyfurt, OH 66776",2015-08-04
Julia,Davis,"035 Eric Dale Apt. 020, Port Willie, NM 96186",1995-12-22
Brianna,Lee,"09191 Beltran Hill Suite 367, North Renee, MI 45344",2008-07-25
Cynthia,Martinez,"USNS Oconnor, FPO AP 79144",1909-06-09
James,Mitchell,"2260 Gillespie Run, Jennifermouth, KY 20755",1981-02-07
Scott,Ramirez,"Unit 1371 Box 6993, DPO AE 46711",1962-06-15
Valerie,Kramer,"3227 John Plain, Michaeltown, MD 11786",1989-10-31
David,White,"82910 Shawn Row, Barrettberg, RI 95071",1910-09-29
Autumn,Miller,"8141 Daniel Loaf Apt. 445, Lake Bonniefort, WA 06536",1992-11-11
Leslie,Hall,"3508 Timothy Points Suite 867, New Bethborough, ID 17147",1992-05-30
Tonya,Turner,"177 Eric Overpass, Williamsfort, AR 48760",1988-09-25
Angela,Colon,"Unit 2930 Box 9380, DPO AE 92161",1956-03-16
Xavier,Morrison,"77082 Jessica Village Apt. 165, North Clintonland, MN 16316",1963-07-14
Amanda,Lopez,"706 Melissa Isle Suite 837, East Sara, IN 47030",2018-09-29
Ashley,Coleman,"27846 Sandoval Squares Suite 975, Millerbury, OK 37199",1971-04-11
Daniel,Long,"24762 Sanchez Coves Suite 629, Grayland, ME 67316",1960-05-29
Anthony,Lewis,"0729 Jacqueline Stravenue, West Kevinhaven, UT 59561",2011-05-14
Andre,Green,"2503 James Estates Suite 212, Rogersport, NJ 95577",1980-10-10
Mark,Johnson,"1519 Lisa Corner, West Douglasmouth, NE 94771",2016-05-09
Shawn,Aguilar,"875 Christopher Mountain, Port Tamaraberg, ME 49218",2006-07-13
Anthony,Knight,"2353 Bowman Springs, South Alec, IL 18446",2023-11-23
Denise,Villarreal,"48127 Lee Stravenue, Durhamtown, CT 02963",1962-01-03
David,Smith,"PSC 4079, Box 5102, APO AP 62949",1952-12-15
Christopher,Rojas,"45140 Holly Estates Suite 379, Williamshire, FL 88575",1998-05-31
Scott,Strickland,"984 Sarah Estate Suite 684, Lake Suzanne, WA 18245",1992-01-28
Glenn,Boyd,"1341 Rocha Views Suite 108, Port Meagan, MS 01430",1998-01-15
Carolyn,Wade,"80653 Amy Turnpike Suite 268, North Williamberg, LA 16949",1932-05-22
Sean,Jones,"28815 Randall Hill Apt. 378, Port Christopher, MT 07809",1925-02-14
Jeffrey,Davis,"877 Turner Motorway Suite 132, Whitakerton, PW 71799",1931-12-24
Matthew,Cole,"050 Allen Radial, Dodsonborough, IL 01592",1926-08-02
Monica,Nelson,"7447 Kaiser Coves, New Sheena, NV 60024",1977-03-02
Derek,Williams,"55794 Tommy Wells Suite 485, Port Nathanielbury, NE 85957",1962-03-07
Suzanne,Orozco,"71821 Donald Harbors, North Philipmouth, AZ 61629",1920-10-04
Adrian,Carpenter,"576 Amanda Glen Suite 728, Jennifermouth, NC 21425",1935-11-11
Barbara,Hughes,"0293 Molina Hollow, West Rhonda, ND 57211",2024-01-05
Michael,Collins,"903 Joel Point, East Thomasburgh, HI 38492",2021-02-03
Justin,Webb,"70097 Maria Alley, Port Brendaborough, NY 37163",1911-03-15
Kayla,Rasmussen,"376 Miranda Stravenue, Sallyfurt, PR 55079",1940-03-31
Kevin,Johnson,"56231 Robert Crescent Suite 610, South Corey, FM 92353",1945-12-05
Heather,Taylor,"732 Miranda Land, Chandlerborough, SD 78533",1930-12-21
Samantha,Williams,"609 Aaron Drive, Wheelerport, IL 35475",1929-08-23
Crystal,Waller,"750 Butler Centers Suite 307, Marystad, WV 50006",1937-08-06
Samantha,Rodgers,"USNS Carey, FPO AP 32299",2014-11-16
Marcus,Wright,"99979 Miller Centers Apt. 239, Brownbury, NM 37004",1967-01-30
Daniel,Miller,"61569 Jason Ferry Apt. 481, South Richard, OK 83174",1956-02-04
Natasha,Holmes,"6493 Gibson Land, Moorefurt, TX 71151",1988-05-13
Melanie,Williams,"762 Sarah Parks Apt. 529, Fisherport, MO 90509",2005-06-18
Sandra,Jones,"54917 Jacobson Greens Apt. 339, Sheilaborough, VA 58514",1909-12-27
Kelsey,English,"589 Davila Loop Suite 803, Brittanyside, WI 07697",1986-02-09
Caitlyn,Mccoy,"77164 Rebekah Plaza Apt. 063, Saraton, MI 95058",1983-03-18
Kristin,Hudson,"4895 Franklin Points, Ashleyburgh, NE 42850",2023-02-05
Kevin,Jones,"22669 Sims Locks Apt. 613, Melaniehaven, NY 89283",1993-01-03
Joseph,Lopez,"365 Erika Highway, Lake Jennifer, OH 94701",1943-03-07
Kimberly,Holt,"6810 Prince Highway Apt. 174, Emilyville, IA 34816",2003-05-04
Sean,Henson,"3881 Harvey Trail Suite 957, New James, NC 47343",1944-09-27
Jose,Freeman,"USCGC Wagner, FPO AP 25356",1960-08-25
Jasmine,Alexander,"4436 Jessica Locks Apt. 161, East Alexanderberg, WV 70073",1920-10-09
Brittany,Frazier,"85174 Angela Inlet, Johnsonstad, NC 34262",1979-06-26
Brandi,Wilson,"64533 Kyle Ways Suite 979, Floreston, OK 40796",1957-05-01
Dana,Cook,"94745 Scott Knoll, Port Rachelhaven, NH 46550",1947-12-30
Yvonne,Cannon,"2911 Sarah Avenue, North Melissaland, PA 34971",1954-09-19
Thomas,Howell,"05407 Michael Road Apt. 877, East Michaelberg, FM 14424",1912-05-19
Ryan,Newman,"78983 Cantrell Mountains, South Johnmouth, GA 17887",1961-02-11
John,Blanchard,"3419 Harris Points Suite 316, Terrencemouth, SC 91779",1961-10-14
Tracy,Wilson,"076 Wilson Glen Suite 519, Watsonmouth, LA 07007",1940-01-30
Amy,Turner,"122 Michael Lights, Walterstown, NC 39122",1961-08-08
Jonathan,Turner,"55241 Lindsay Flat, West Mariahtown, WA 48945",1995-05-14
Johnny,Clarke,"431 Joshua Villages Apt. 111, West Michaelshire, NY 77229",1991-08-26
Brittney,Munoz,"4564 Garcia Lock, Lake Natalie, NE 40318",1954-11-11
Brian,Sawyer,"Unit 1234 Box 1530, DPO AE 63940",1968-12-24
Stacey,Perez,"95488 Rodney Walk Apt. 762, South Jessicabury, WV 47933",1956-06-02
Cindy,Walters,"614 Holt Streets, Khanborough, FL 23641",1947-03-15
William,Ramirez,"525 Chelsea Green Suite 732, Ponceville, TN 15943",1984-05-26
Karla,Snow,"18583 Pittman Grove, Paceberg, WA 22850",2002-09-11
Kaitlyn,Quinn,"8310 Rebecca Passage, Sarahmouth, WA 58521",1997-11-29
Jennifer,Chavez,"811 Laura Falls, Washingtonburgh, NJ 91163",1972-05-18
Deborah,Ayala,"728 Thomas Village, East Samanthaton, GA 02287",1973-07-28
Alyssa,Hudson,"99380 Sullivan Tunnel, Port Kristishire, MH 14283",2021-07-25
Jasmine,Alvarez,"401 Jordan Brook Suite 691, Craigburgh, TX 68535",1944-08-28
Tara,Smith,"99119 Garcia Rue, Lorimouth, CA 46502",2017-09-01
Amy,Wolfe,"28080 Gerald Locks, Port Markburgh, VA 07984",1984-03-17
Becky,Nelson,"00296 Melissa Hills Apt. 322, Dominiqueton, UT 63554",1922-11-05
Amy,Thomas,"27723 Simpson Hills, South Amber, FM 83045",1925-02-25
Stephanie,Hughes,"25866 Powell Fork Apt. 764, Lawsonchester, PW 47382",2015-08-24
Nicholas,Daniels,"99547 Catherine Inlet, Webbtown, AZ 54509",2010-05-16
Barbara,Lopez,"615 Eric Trafficway Apt. 529, West Michelleberg, AZ 31343",1961-10-19
Timothy,Lynch,"45400 Brown Island Suite 658, Garciabury, AL 95789",1933-08-25
Peter,Roberson,"36777 Allison Pine, Nicoletown, KS 57459",1946-07-28
Scott,Gomez,"0481 Johnson Crescent Suite 801, Port Hollyville, WV 07389",1916-10-07
Jessica,Reeves,"20531 Jeremy Island Suite 632, East Karinamouth, VA 62152",1981-09-17
Manuel,Gonzalez,"1076 West Gardens Apt. 384, Lake Christina, LA 36208",2017-12-24
Misty,Henry,"351 Taylor Stream Apt. 302, Lake Calebbury, GA 09186",1960-02-13
Randall,Gonzalez,"886 Amy Walks, Williamsberg, WY 72035",2003-02-13
Nancy,Hardy,"4840 Erika Mission, North Cynthiaview, KY 44809",1978-09-18
Melinda,Hughes,"8278 Fisher Vista, New Jesse, OR 02456",1911-11-23
Brian,Blackburn,"755 Kristina Valley Apt. 956, New Ericabury, WY 49915",1969-03-22
Theresa,Myers,"140 Jackson Island Apt. 412, Beardfort, AL 79568",2009-01-07
Brittany,Camacho,"87081 Wilson Union Apt. 937, Lake Marc, WY 29677",1936-08-22
Robert,Gardner,"197 Nicole Port Apt. 827, Michaelburgh, WY 77167",1916-02-10
Jackie,King,"33628 Gutierrez Plains, Jeanetteport, IN 51462",1975-04-22
Bernard,Grant,"572 Graham Throughway Suite 414, New Douglasview, MH 06736",2009-04-29
Frank,Hardin,"Unit 8870 Box 4557, DPO AE 35745",1982-09-17
Hayley,Hobbs,"27064 Owen Run, New Melanie, WA 25123",1945-06-19
Wayne,Brooks,"6896 Nicole Ports, Port Alexandrabury, LA 90361",2004-03-24
Kristen,Graham,"PSC 2116, Box 8110, APO AE 66643",2006-10-29
Carol,James,"USS Long, FPO AA 60007",1912-09-10
Christopher,Williamson,"6147 Nguyen Extension, Hoodmouth, RI 00721",1952-04-19
Johnny,Carroll,"63578 Kyle Summit, Williamsfort, CA 69505",1935-06-20
Kristen,Wallace,"6741 Bennett Glens, New Erictown, FL 37053",1940-03-30
Albert,Yu,"1903 Matthew Hollow Suite 386, Smithchester, SD 44512",1982-01-10
Carly,Tucker,"3162 Tyler Ford, Charleston, FL 01371",1953-09-07
Bryan,Rogers,"313 Chad Station, Howardborough, WI 04624",1988-06-29
Alyssa,Sanchez,"999 Darrell Park, Lake Keithberg, WA 09070",1938-10-08
Rebecca,Hayes,"Unit 1640 Box 3426, DPO AE 34907",1929-02-17
Dakota,Ray,"84649 Jennifer Vista Suite 141, Alisontown, LA 29023",1991-04-22
Nathan,Clark,"91573 Michael Wells, West Sonya, CO 73228",1962-11-09
Christina,Deleon,"Unit 4453 Box 1909, DPO AE 59385",1954-06-15
Stephanie,Russell,"USNS Glover, FPO AP 33209",1941-02-05
Veronica,Conley,"192 Jimenez Dam Suite 662, Carloston, KS 03303",1995-12-24
Mary,Reynolds,"8076 Jeremy Corners Apt. 656, Perezstad, SC 37205",1977-05-15
Mark,Woods,"571 Casey Stravenue, East Lisa, FL 22492",1911-12-06
Nicole,Russell,"600 Figueroa Springs Suite 738, West Brandonside, WV 62117",1980-11-21
Danielle,Hubbard,"USS Stanley, FPO AP 45318",1966-11-04
Timothy,Holt,"2132 Crystal Overpass Apt. 294, Sergioport, CO 77181",1967-11-14
Dustin,Leon,"05027 Corey Station Apt. 809, South Annette, NM 61533",1988-11-20
Kathryn,Hampton,"Unit 4832 Box 8098, DPO AP 82671",2007-03-26
Caleb,Robles,"072 Brian Square Apt. 178, Powellmouth, MI 82426",1956-04-14
Erik,Gonzales,"014 Silva Inlet Suite 638, Woodview, TX 61956",1986-10-07
Brett,Cunningham,"9213 Mark Loaf, Harrisonborough, NV 66145",1980-02-29
Joel,Price,"11238 Brandon Vista, Perezland, MA 58903",1942-12-16
Steven,Jones,"685 Gonzalez Loop, South Gracemouth, PA 08722",2010-09-22
Martin,Jordan,"162 Christine Ferry Suite 809, Johnsontown, ID 37887",1960-09-15
Donna,Bailey,"1043 William Shoal Suite 638, South Johnny, RI 37694",1998-10-07
Jerry,Martin,"Unit 7193 Box 3670, DPO AE 78115",1913-08-02
Kaylee,Anderson,"23697 Hall Turnpike, Romanstad, MD 16924",1974-09-13
Phillip,Rowland,"PSC 3265, Box 7772, APO AE 66461",1981-08-08
Heather,Sanford,"699 Gibson Shores Apt. 260, Beckerstad, AR 26551",1965-08-29
Elizabeth,Nguyen,"041 Shelly Inlet, Christianville, DC 94124",1937-05-17
Kimberly,Turner,"7094 Delgado Route Apt. 133, Frankmouth, UT 07748",1926-05-31
Jacob,Mckinney,"451 Downs Spurs Apt. 209, Robertoborough, UT 78983",1915-05-07
Nicole,Beasley,"9071 Davis Glen Apt. 377, West Michaelport, CA 80130",2020-11-14
Elizabeth,Baker,"610 Mccormick Plains, Patelland, OR 36106",1913-11-05
Michelle,Nelson,"7530 Amy Rapid, East Michael, ID 48004",1956-12-04
Jennifer,Patel,"1043 David Stream Suite 057, North Jesusfort, KS 97476",1939-04-19
Autumn,Kirk,"73956 Tara Islands Suite 400, Port Michaelmouth, IL 08163",1947-11-21
Carrie,Andrews,"26721 Ortega Ridge Apt. 874, East Christina, AK 13041",1911-02-21
Robert,Martinez,"580 Mendoza Station Suite 634, West Patrickborough, OR 19092",1966-02-09
James,Reid,"940 Emily Expressway Apt. 130, Port Matthewport, TX 42009",1961-05-22
Brian,Richardson,"PSC 8950, Box 4551, APO AA 87500",1993-07-03
Steven,Butler,"896 Martin Grove Apt. 623, Brettport, IL 40325",1957-06-29
Nicholas,Gilbert,"3207 Scott Ford, Melissaland, MN 38027",2014-05-08
Stephanie,Meyer,"77969 Glass Row Suite 306, Port Yvonne, MA 79452",1919-10-01
Emily,Clarke,"1028 Patty Ferry Suite 343, Luishaven, AS 30384",1953-07-14
Vincent,Smith,"29758 Deborah Shoal, Lake Tammyland, MD 11286",1998-12-16
Jennifer,Noble,"145 Megan Stream, South Kim, TN 81795",2010-11-17
Maureen,Baker,"12339 Maria Bypass, Annahaven, VT 71617",1949-04-10
Oscar,Reed,"74681 Billy Meadows Suite 003, Waltonmouth, MN 10072",1975-03-20
Shawn,Dorsey,"1022 Angela Parkway, Port Mollyhaven, MH 99161",1969-02-27
Ashley,Odom,"398 Michael Branch Apt. 911, Bairdfort, DC 59752",1932-01-02
Michael,Vega,"408 Ivan Gateway, Janicemouth, IN 60774",1963-02-16
Richard,Wilcox,"9366 Murphy Circle, Robertton, UT 85706",1948-10-01
Jennifer,Hines,"52808 Amber Court Apt. 787, Vanessahaven, VI 74451",2011-02-08
Donna,Mejia,"24010 Michael Centers, Cookport, GA 67637",1910-02-08
Jeremy,Evans,"1900 Caroline Mount, East Brooke, UT 02234",1987-04-26
Mary,Mathews,"853 Lauren Orchard Suite 044, West Amanda, HI 63819",2005-10-13
David,Brown,"483 Renee Grove Suite 252, Michelleborough, FM 35214",1935-10-12
Tracy,Allen,"794 Shannon Tunnel Suite 680, Evanborough, CT 79490",2006-08-15
Jennifer,Allen,"307 Jennifer Divide Suite 960, New Lauren, DC 94079",1976-10-09
Sherry,Middleton,"29449 William Forge, Maryhaven, NM 80647",1986-12-30
Eric,Marshall,"9128 Flores Mission, Lake Amystad, MA 96090",1914-12-08
James,Walker,"323 Joanne Mission Apt. 732, Lake Lori, MI 21923",1939-04-16
Melody,Baker,"994 Kaitlin Manor, Port Christopher, NE 91440",1940-05-12
Bonnie,Yu,"829 Mahoney Light Apt. 964, Gouldshire, WI 33127",2016-01-12
Luis,Johnson,"55079 Reynolds Path, Austinberg, OH 54182",2009-04-28
Kathryn,Nguyen,"4088 Jonathan Turnpike Apt. 527, Zacharychester, MA 33200",1979-01-29
George,Reese,"76839 Holden Lake, South Leebury, VI 09024",1910-11-15
Dennis,Hunter,"925 Patty Drive Suite 787, Foxchester, PR 24518",1945-11-07
Michelle,Fernandez,"548 French Estates Suite 795, Loganborough, CO 60746",1991-02-16
Breanna,Washington,"00256 Randy Village Apt. 801, Lake Ryanmouth, FL 61271",1938-09-17
John,Golden,"USCGC Johnson, FPO AP 08521",2000-03-09
Jonathan,Perkins,"PSC 9096, Box 5979, APO AP 78744",1990-12-26
Damon,Johnson,"18694 Garrett Isle Apt. 405, Gamblefurt, MO 19150",2010-07-18
Anna,Gonzales,"289 Hoffman Mills Suite 047, Lake Thomas, WY 92249",1956-09-11
Paul,Merritt,"PSC 5695, Box 9891, APO AE 04555",2004-09-07
Andre,Sherman,"51426 Benjamin Street, Mcmillanmouth, ME 37224",1950-06-12
Stephen,Lee,"538 Rachel Island, Port Christopher, VA 91251",1950-08-11
John,Howell,"2692 Crystal Vista, East Rachaelport, OR 66325",2017-01-02
Amanda,Sims,"08936 Christopher Route, Iantown, LA 22584",1963-09-14
Cheryl,Adkins,"PSC 7448, Box 0280, APO AE 79816",1953-08-22
Lauren,Hebert,"4336 Joshua Fields, South Jerryberg, SC 92719",2002-09-15
Kenneth,Bowman,"51699 Matthew Inlet Suite 587, Port Nathanielton, DE 38263",1997-10-28
Christopher,Newton,"6312 Walker Plain Suite 702, Tiffanyton, VT 36960",1943-06-14
Joseph,Robinson,"0232 Lauren Key, East Ashley, MO 24952",1992-11-30
Martha,Williams,"7404 Bennett Meadow Suite 049, Carlaton, NY 42756",1995-04-08
Jessica,Sullivan,"4730 Roberts Rapids Apt. 246, Campbellville, IA 97902",1951-02-10
Anthony,Hill,"10604 Aaron Greens Suite 035, West Coryshire, IN 44401",1997-07-19
James,Davis,"0971 Huerta Prairie Suite 568, Perrystad, WI 94582",1971-06-20
Kyle,Edwards,"23794 Bradley Locks, Port John, AS 37823",1957-07-19
Cody,Ramos,"2091 Stacey Turnpike Apt. 772, Port Kristine, IA 16130",2019-09-13
James,Brooks,"601 Owens Bypass, Lake Davidview, GA 51972",1948-04-01
Christine,Sullivan,"80356 Brandt Prairie, East Lynnfort, KS 64715",1940-11-03
Rose,Brown,"389 Ricardo Light Apt. 222, Danielhaven, AK 48261",1994-05-13
Jeffrey,Parker,"Unit 8009 Box 8911, DPO AA 07929",1928-07-20
Gregory,Edwards,"267 Jason Neck, South Reginaldberg, CO 08500",1942-05-31
Cynthia,Miller,"Unit 2933 Box 5188, DPO AA 93934",1970-10-21
Claudia,Orr,"43641 Anderson Trail, East Barry, NE 33526",2004-08-22
Linda,Martinez,"199 Barnes Court Suite 563, Jamesbury, OK 13473",1986-01-31
Joseph,Singh,"40076 Joshua Groves Suite 622, Coxbury, NE 70440",1991-01-15
Jennifer,Kim,"800 Alyssa Square Suite 807, West Edward, KY 24955",1945-08-03
Misty,Smith,"9608 Osborne Forges, Ramosside, KS 25879",1956-02-01
Victoria,Morgan,"665 Joseph Springs, Pamelabury, VI 54002",1973-06-13
Phillip,Lopez,"34441 Ronnie Circles Apt. 440, Johnbury, SD 32424",1917-02-19
Kelly,Lowe,"62402 James Plain Suite 466, Reginastad, ME 80409",1914-06-09
Erin,Mills,"9189 Bonnie Junctions, Ambermouth, MD 35374",1974-01-31
John,Freeman,"03930 Jason Hollow Suite 030, Philipshire, TN 85780",1942-08-22
John,Rodriguez,"3508 Ryan Falls Suite 304, Fredstad, FM 37970",1981-02-11
Chad,Levy,"PSC 6103, Box 6003, APO AP 09269",2012-05-28
Linda,Davis,"94088 Ryan Hollow Apt. 266, Tammyland, FM 34116",1941-02-01
Heather,Mccall,"6377 Kyle Isle, Mannfort, RI 47256",1925-03-24
Michael,Johnson,"PSC 7583, Box 6140, APO AP 79008",1950-05-06
Cynthia,Gutierrez,"8692 Gray Route, Lake Jaredberg, NJ 82309",1911-07-24
Tamara,Perry,"147 Kim Divide, South David, KS 98285",2009-11-13
Kirsten,Alexander,"30967 Taylor Hollow Suite 616, East Eric, KY 30959",2012-02-22
Zachary,Hicks,"79194 Smith Ways, West Matthew, IN 80642",1979-08-07
Tanya,Johnson,"USNS Huynh, FPO AE 92345",1946-11-24
Lisa,Camacho,"3155 Bryan Lakes Apt. 525, Stephanietown, GA 24921",1976-11-19
Christopher,Gillespie,"92627 Michelle Glen Apt. 278, North Patrickstad, HI 59079",1967-03-01
Valerie,Barnett,"621 Crystal Skyway, South Stephenport, DC 45703",1941-06-07
Ronald,Davis,"9138 Glover Stream Suite 280, East Jorge, MO 65085",1962-10-15
Jay,Smith,"PSC 2343, Box 4457, APO AA 60588",2017-09-20
Nicholas,Williams,"11542 Diaz Ramp, East Victor, NE 04684",1910-04-03
Lisa,Dyer,"068 Franklin Mountain Suite 072, North Thomasfurt, IA 58646",2008-12-04
Mark,Smith,"764 Parrish Forge, South Joannahaven, AZ 22589",1979-08-20
Toni,Gilbert,"65968 Wilson Causeway Suite 151, Grantville, AL 01555",1914-03-03
Angela,Villanueva,"2487 Taylor Route Apt. 370, North Stephen, NM 20281",1934-05-13
Melissa,Marshall,"PSC 9529, Box 1419, APO AE 27464",1992-06-17
Marie,Campbell,"98223 Jones Estates, New Brian, ID 64762",2018-03-31
Michael,Hawkins,"314 Mitchell Dam Apt. 088, Ryanburgh, AL 72377",2009-08-02
Holly,Perez,"48255 Kathleen Plains, Sextonshire, OR 42672",1935-08-10
Jeff,Wilson,"5704 Wiley Cove Suite 988, Brianton, VT 68839",1992-08-17
Elizabeth,Perez,"125 Chambers Unions Apt. 520, Justinburgh, KS 00749",2001-11-30
Cameron,Duncan,"193 Marissa Ports, Charlesfurt, ND 68123",2021-11-04
Andrew,Cardenas,"5800 Lauren Parks Suite 672, Lake Amber, ME 90051",1989-05-14
Lydia,West,"615 Craig Tunnel, Nixonhaven, CA 30961",1917-05-01
Anna,Torres,"9239 Lucas Way Suite 741, South Nathanstad, AZ 44080",1926-06-23
Donald,Jensen,"795 Terrell Flats Suite 745, South Megan, NH 82656",1995-01-22
Maria,Martinez,"5031 Barrett Wall Apt. 221, Julieport, PW 15010",2004-09-07
Amanda,Riddle,"629 Johnson Road Suite 245, Kimville, AS 41269",2020-08-19
Shelly,Bryant,"7487 Tyler Ridges, North Megan, TX 86041",1985-01-27
James,Smith,"09318 Kyle Springs Suite 324, South Susan, GU 57642",1957-05-29
Austin,Brown,"5474 Tara Flats, Wilcoxfort, MN 95419",1949-03-26
Tara,French,"587 Martin Isle Suite 207, Williamsstad, PA 79198",2015-06-12
Cynthia,Smith,"87833 Laura Path, South Brittany, MD 02314",2010-03-29
Robert,Clayton,"USNS Williams, FPO AP 01957",1932-10-23
Justin,Berry,"589 Michelle Corners, Brownville, GU 30230",1968-12-14
Rachel,Herrera,"USCGC Zamora, FPO AE 27811",2010-05-16
Angela,Harrington,"41099 James Cliffs Suite 136, Kristinmouth, AZ 40692",1941-09-11
David,Hall,"1142 Harris Spur, South Thomas, WV 99008",2012-12-16
David,Elliott,"4624 Pope Center Suite 220, Lawrenceburgh, IA 08382",1939-08-01
Todd,Clark,"5320 West Inlet, North Loriborough, GU 09982",1988-11-08
Patricia,Ruiz,"3883 Jennifer Underpass Suite 097, South Christian, AK 68138",1956-10-31
John,Holt,"Unit 6192 Box 0566, DPO AA 52615",1937-10-26
Christina,Moore,"987 Michelle Glens, Barretttown, MN 76941",1934-10-15
Sara,Lee,"69966 Monica Mountains, Port Rachel, WI 40036",1997-06-21
Karen,Osborn,"3393 Harris Brook, Richardsonland, KY 46899",1998-08-22
Shannon,Clark,"5447 Rogers Dam Suite 509, Khanfort, TN 17602",1998-10-04
Jack,Jackson,"USCGC Donovan, FPO AE 57793",1989-03-31
Jamie,Wheeler,"079 Caleb Manors, Bonnietown, WI 51509",1940-10-05
Carl,Khan,"USCGC Taylor, FPO AE 10841",1935-12-02
Stephen,Robinson,"38325 David Unions, Lake Brett, VI 75308",2000-07-30
John,Welch,"USNS Bryant, FPO AP 13296",2021-10-29
Larry,Proctor,"98444 Dennis Common, Bruceton, DE 07887",2016-07-01
Mitchell,White,"360 Emily Highway, Stewartburgh, SC 08508",1990-03-05
Stacey,Craig,"7852 William Trace Apt. 807, Karafort, TN 74262",1981-12-16
Lori,Stevens,"0477 Denise Lane, Burnstown, IL 35219",1929-09-27
Tracy,Suarez,"55351 Brandi Roads Suite 150, Lauraburgh, WY 48517",1932-06-04
Danielle,Jimenez,"Unit 6990 Box 6073, DPO AA 62731",1980-04-10
Allen,Morrison,"89067 April Street, Scottton, WI 29740",1973-05-12
Jason,Morris,"8299 Bauer Lake Apt. 251, Priceshire, VA 49362",2000-06-21
Heather,Davis,"17019 Howard Burgs, Michaelhaven, VI 07421",1982-12-24
Veronica,Allen,"6878 Tiffany Manor, Carlosshire, UT 04556",1917-04-23
Jackie,Wiley,"42333 Andrew Road, Port Colin, MA 95038",1993-04-17
Randy,Giles,"66595 Miranda Summit, Billyshire, OH 52095",1967-11-23
Christopher,Moore,"0032 Kyle Island Apt. 548, South Aaron, MH 74596",1954-11-06
Sandra,Knox,"4262 Roberts Isle Suite 721, North Susanburgh, LA 04085",1943-09-17
Steven,Jones,"044 Karen Fork Suite 592, Lake Chadbury, MP 93519",2020-01-25
Jimmy,Knight,"823 David Islands, New Logan, IL 40051",1960-01-03
Karl,Moody,"773 Young Route, Mezamouth, WY 75219",1982-07-26
Laura,Walker,"668 Phillips Island Suite 686, South Joshua, PA 36082",1925-10-05
Wesley,Malone,"16879 Simpson Dale Suite 939, Spencerbury, UT 33725",1997-06-10
Alicia,Woods,"71810 Hernandez Parkways Apt. 836, West Calvin, PA 43968",2019-01-19
Anne,Williams,"685 David Forks Suite 562, Holmesstad, TX 70014",1915-02-10
Andrew,Smith,"4494 Thomas Loop, Aguilarport, CA 09914",1994-06-11
